dataset_id,group,metaheuristic,seed,k,msi,ari,internal_cost,time_to_best,eval_count,cache_hits
2-FACE,clust,brkga,0,2.0,0.5651791019450051,,-0.554833,27.33,20.0,0.0
2-FACE,clust,brkga,1,2.0,0.5483288327526038,,-0.535308,46.36,20.0,0.0
2-FACE,clust,brkga,2,2.0,0.5744881972818069,,-0.56346,35.28,20.0,0.0
2-FACE,clust,brkga,3,2.0,0.5424369093878484,,-0.521131,24.52,20.0,0.0
2-FACE,clust,brkga,4,2.0,0.5354854296860188,,-0.526105,25.32,20.0,0.0
2-FACE,clust,brkga,5,2.0,0.5354854296860188,,-0.526105,57.23,20.0,0.0
2-FACE,clust,brkga,6,2.0,0.5644581536580304,,-0.553724,61.99,20.0,0.0
2-FACE,clust,brkga,7,2.0,0.5469238924175622,,-0.537765,27.73,20.0,0.0
2-FACE,clust,brkga,8,2.0,0.5363603332510261,,-0.530188,60.3,20.0,0.0
2-FACE,clust,brkga,9,2.0,0.5582440412769255,,-0.553273,61.36,20.0,0.0
2-FACE,clust,brkga,10,2.0,0.5584503994045992,,-0.548384,57.57,20.0,0.0
2-FACE,clust,brkga,11,2.0,0.5551284083910887,,-0.539807,30.07,20.0,0.0
2-FACE,clust,brkga,12,2.0,0.5363603332510261,,-0.530188,58.37,20.0,0.0
2-FACE,clust,brkga,13,2.0,0.540594539494774,,-0.531681,29.91,20.0,0.0
2-FACE,clust,brkga,14,2.0,0.540594539494774,,-0.531681,57.05,20.0,0.0
2-FACE,clust,brkga,15,2.0,0.5469238924175622,,-0.537765,57.94,20.0,0.0
2-FACE,clust,brkga,16,2.0,0.5370262953803072,,-0.513736,62.47,20.0,0.0
2-FACE,clust,brkga,17,2.0,0.5469238924175622,,-0.537765,52.45,20.0,0.0
2-FACE,clust,brkga,18,2.0,0.5341793689297276,,-0.5152,27.26,20.0,0.0
2-FACE,clust,brkga,19,2.0,0.522926382390639,,-0.512613,20.54,20.0,0.0
2-FACE,clust,ils,0,2.0,0.5313092368947857,,-0.518996,45.49,20.0,0.0
2-FACE,clust,ils,1,2.0,0.5103056482976226,,-0.495842,13.48,20.0,0.0
2-FACE,clust,ils,2,3.0,0.4843200401523908,,-0.516326,39.15,20.0,0.0
2-FACE,clust,ils,3,2.0,0.5240691153373607,,-0.502618,47.93,20.0,0.0
2-FACE,clust,ils,4,5.0,0.4416023902107296,,-0.455145,40.56,20.0,0.0
2-FACE,clust,ils,5,2.0,0.5456122735754652,,-0.534871,47.8,20.0,0.0
2-FACE,clust,ils,6,2.0,0.4865430661844766,,-0.480759,5.2,20.0,0.0
2-FACE,clust,ils,7,2.0,0.5644581536580304,,-0.553724,50.57,20.0,0.0
2-FACE,clust,ils,8,6.0,0.4374094594714267,,-0.448617,34.47,20.0,0.0
2-FACE,clust,ils,9,3.0,0.4933276638632116,,-0.511166,58.04,20.0,0.0
2-FACE,clust,ils,10,2.0,0.5454060815918522,,-0.533223,10.02,20.0,0.0
2-FACE,clust,ils,11,2.0,0.5763757605855854,,-0.561825,51.46,20.0,0.0
2-FACE,clust,ils,12,4.0,0.4337830300554389,,-0.440475,51.36,20.0,0.0
2-FACE,clust,ils,13,2.0,0.5464658307629303,,-0.530702,61.61,20.0,0.0
2-FACE,clust,ils,14,4.0,0.259209067800737,,-0.448738,42.98,20.0,0.0
2-FACE,clust,ils,15,2.0,0.5713190863047667,,-0.560296,28.48,20.0,0.0
2-FACE,clust,ils,16,2.0,0.5542274911640737,,-0.540533,61.18,20.0,0.0
2-FACE,clust,ils,17,2.0,0.5490918265658975,,-0.536262,41.78,20.0,0.0
2-FACE,clust,ils,18,4.0,0.3962590302640035,,-0.494688,56.4,20.0,0.0
2-FACE,clust,ils,19,2.0,0.5713190863047667,,-0.560296,47.36,20.0,0.0
2-FACE,clust,vns,0,2.0,0.5456122735754652,,-0.534871,55.25,20.0,0.0
2-FACE,clust,vns,1,2.0,0.5454060815918522,,-0.533223,60.9,20.0,0.0
2-FACE,clust,vns,2,2.0,0.5187813182485872,,-0.491772,57.26,20.0,0.0
2-FACE,clust,vns,3,2.0,0.5234908443644517,,-0.510223,8.91,20.0,0.0
2-FACE,clust,vns,4,2.0,0.5369065025015083,,-0.514493,19.69,20.0,0.0
2-FACE,clust,vns,5,2.0,0.5713190863047667,,-0.560296,38.51,20.0,0.0
2-FACE,clust,vns,6,2.0,0.57860867088948,,-0.566652,24.31,20.0,0.0
2-FACE,clust,vns,7,2.0,0.5644581536580304,,-0.553724,62.36,20.0,0.0
2-FACE,clust,vns,8,2.0,0.4014451069191134,,-0.532706,17.99,20.0,0.0
2-FACE,clust,vns,9,2.0,0.5542274911640737,,-0.540533,56.03,20.0,0.0
2-FACE,clust,vns,10,2.0,0.5320998497439539,,-0.522287,54.78,20.0,0.0
2-FACE,clust,vns,11,6.0,0.4386195318277106,,-0.462243,62.4,20.0,0.0
2-FACE,clust,vns,12,4.0,0.4140862408633344,,-0.491674,39.12,20.0,0.0
2-FACE,clust,vns,13,3.0,0.4638437661552965,,-0.473221,33.08,20.0,0.0
2-FACE,clust,vns,14,2.0,0.5595112051657876,,-0.542875,61.24,20.0,0.0
2-FACE,clust,vns,15,2.0,0.587794927316141,,-0.577054,30.7,20.0,0.0
2-FACE,clust,vns,16,3.0,0.4764988104073763,,-0.507799,42.99,20.0,0.0
2-FACE,clust,vns,17,2.0,0.5644581536580304,,-0.553724,50.39,20.0,0.0
2-FACE,clust,vns,18,2.0,0.5210051001402024,,-0.508046,41.88,20.0,0.0
2-FACE,clust,vns,19,2.0,0.5229578217823486,,-0.511112,13.43,20.0,0.0
200DATA,clust,brkga,0,3.0,0.8094963350239264,,-0.805732,63.22,20.0,0.0
200DATA,clust,brkga,1,3.0,0.8041874027423357,,-0.799508,40.5,20.0,0.0
200DATA,clust,brkga,2,3.0,0.8066000762527719,,-0.801995,56.02,20.0,0.0
200DATA,clust,brkga,3,3.0,0.8049425803805804,,-0.799107,58.3,20.0,0.0
200DATA,clust,brkga,4,3.0,0.8026552495310368,,-0.798537,45.87,20.0,0.0
200DATA,clust,brkga,5,3.0,0.8024646013485757,,-0.797497,55.3,20.0,0.0
200DATA,clust,brkga,6,3.0,0.8024370729558851,,-0.798632,54.5,20.0,0.0
200DATA,clust,brkga,7,3.0,0.8070786466767779,,-0.802125,31.08,20.0,0.0
200DATA,clust,brkga,8,3.0,0.8066462221860597,,-0.802495,54.98,20.0,0.0
200DATA,clust,brkga,9,3.0,0.8047280900300888,,-0.800103,25.94,20.0,0.0
200DATA,clust,brkga,10,3.0,0.8031808802795514,,-0.799148,49.87,20.0,0.0
200DATA,clust,brkga,11,3.0,0.8064946018598721,,-0.801297,31.72,20.0,0.0
200DATA,clust,brkga,12,3.0,0.8049756424830896,,-0.800676,60.61,20.0,0.0
200DATA,clust,brkga,13,3.0,0.8087012711272384,,-0.804298,53.82,20.0,0.0
200DATA,clust,brkga,14,3.0,0.8051695377732687,,-0.800617,62.14,20.0,0.0
200DATA,clust,brkga,15,3.0,0.800734060086573,,-0.797032,31.59,20.0,0.0
200DATA,clust,brkga,16,3.0,0.806076411704854,,-0.800982,52.66,20.0,0.0
200DATA,clust,brkga,17,3.0,0.8069429086471293,,-0.803003,59.56,20.0,0.0
200DATA,clust,brkga,18,3.0,0.8053716756957082,,-0.801292,59.64,20.0,0.0
200DATA,clust,brkga,19,3.0,0.8067105608150815,,-0.801627,60.7,20.0,0.0
200DATA,clust,ils,0,3.0,0.8274964560338885,,-0.823067,21.14,20.0,0.0
200DATA,clust,ils,1,3.0,0.81526955306075,,-0.813549,49.57,20.0,0.0
200DATA,clust,ils,2,3.0,0.81526955306075,,-0.813549,60.97,20.0,0.0
200DATA,clust,ils,3,3.0,0.8108899667776797,,-0.806706,62.55,20.0,0.0
200DATA,clust,ils,4,3.0,0.8104830323090128,,-0.80714,37.39,20.0,0.0
200DATA,clust,ils,5,3.0,0.8053376135669165,,-0.801157,40.42,20.0,0.0
200DATA,clust,ils,6,3.0,0.8051603830154713,,-0.800766,60.84,20.0,0.0
200DATA,clust,ils,7,3.0,0.8229837809260406,,-0.818206,60.99,20.0,0.0
200DATA,clust,ils,8,3.0,0.8090294340949625,,-0.806298,50.0,20.0,0.0
200DATA,clust,ils,9,3.0,0.8060780113819399,,-0.802206,27.39,20.0,0.0
200DATA,clust,ils,10,3.0,0.8095316332719057,,-0.807837,49.36,20.0,0.0
200DATA,clust,ils,11,3.0,0.8194500123469566,,-0.814442,30.16,20.0,0.0
200DATA,clust,ils,12,3.0,0.825592693980229,,-0.821632,57.97,20.0,0.0
200DATA,clust,ils,13,5.0,0.5081255338954711,,-0.796072,57.97,20.0,0.0
200DATA,clust,ils,14,3.0,0.8110137924063793,,-0.806761,39.88,20.0,0.0
200DATA,clust,ils,15,3.0,0.8065755276329429,,-0.804643,52.71,20.0,0.0
200DATA,clust,ils,16,3.0,0.8115930349374757,,-0.809,53.41,20.0,0.0
200DATA,clust,ils,17,3.0,0.8053376135669165,,-0.801157,37.39,20.0,0.0
200DATA,clust,ils,18,3.0,0.8104195335425561,,-0.808768,54.21,20.0,0.0
200DATA,clust,ils,19,3.0,0.8070445692804021,,-0.802986,58.44,20.0,0.0
200DATA,clust,vns,0,3.0,0.8183185263171948,,-0.813396,55.32,20.0,0.0
200DATA,clust,vns,1,3.0,0.8113494273434025,,-0.807328,35.9,20.0,0.0
200DATA,clust,vns,2,3.0,0.8093141668180134,,-0.806618,47.0,20.0,0.0
200DATA,clust,vns,3,3.0,0.8043785719695995,,-0.80219,43.74,20.0,0.0
200DATA,clust,vns,4,3.0,0.8121038980136642,,-0.808345,59.27,20.0,0.0
200DATA,clust,vns,5,4.0,0.6469411858294914,,-0.80382,40.51,20.0,0.0
200DATA,clust,vns,6,3.0,0.8102947064418999,,-0.805772,43.5,20.0,0.0
200DATA,clust,vns,7,3.0,0.8131082889276969,,-0.812495,54.7,20.0,0.0
200DATA,clust,vns,8,3.0,0.811157622540279,,-0.809977,34.41,20.0,0.0
200DATA,clust,vns,9,3.0,0.8091461048071589,,-0.80546,30.07,20.0,0.0
200DATA,clust,vns,10,3.0,0.8140199196247844,,-0.810964,34.41,20.0,0.0
200DATA,clust,vns,11,3.0,0.8122079013556447,,-0.811796,59.82,20.0,0.0
200DATA,clust,vns,12,3.0,0.8108218943423416,,-0.809156,58.72,20.0,0.0
200DATA,clust,vns,13,3.0,0.8093044091359238,,-0.806924,33.68,20.0,0.0
200DATA,clust,vns,14,3.0,0.8067400687931121,,-0.802694,43.74,20.0,0.0
200DATA,clust,vns,15,3.0,0.818815266649216,,-0.81729,31.27,20.0,0.0
200DATA,clust,vns,16,3.0,0.8086669858519681,,-0.805835,59.39,20.0,0.0
200DATA,clust,vns,17,3.0,0.8113494273434025,,-0.807328,15.93,20.0,0.0
200DATA,clust,vns,18,3.0,0.8089245621662153,,-0.80799,17.1,20.0,0.0
200DATA,clust,vns,19,3.0,0.5563979982432701,,-0.796726,47.71,20.0,0.0
400P3C,clust,brkga,0,3.0,0.8224905491077786,,-0.820236,33.31,20.0,0.0
400P3C,clust,brkga,1,3.0,0.8227754671390451,,-0.820052,24.06,20.0,0.0
400P3C,clust,brkga,2,3.0,0.8234695342008962,,-0.817638,62.12,20.0,0.0
400P3C,clust,brkga,3,3.0,0.8198098289793322,,-0.817238,24.65,20.0,0.0
400P3C,clust,brkga,4,3.0,0.8234732607047364,,-0.818516,59.56,20.0,0.0
400P3C,clust,brkga,5,4.0,0.756454847360758,,-0.817521,24.16,20.0,0.0
400P3C,clust,brkga,6,5.0,0.689032345758509,,-0.820545,26.27,20.0,0.0
400P3C,clust,brkga,7,3.0,0.8233193099826526,,-0.821496,51.06,20.0,0.0
400P3C,clust,brkga,8,3.0,0.822034243342075,,-0.817095,54.3,20.0,0.0
400P3C,clust,brkga,9,3.0,0.8267438124653146,,-0.821487,61.01,20.0,0.0
400P3C,clust,brkga,10,3.0,0.8244361672663051,,-0.821166,28.48,20.0,0.0
400P3C,clust,brkga,11,3.0,0.8232282556302645,,-0.821113,56.9,20.0,0.0
400P3C,clust,brkga,12,3.0,0.8238159212498667,,-0.820553,24.8,20.0,0.0
400P3C,clust,brkga,13,3.0,0.8248213516897397,,-0.822004,62.09,20.0,0.0
400P3C,clust,brkga,14,3.0,0.8244115261226218,,-0.821819,24.66,20.0,0.0
400P3C,clust,brkga,15,3.0,0.8225613029176664,,-0.818643,29.51,20.0,0.0
400P3C,clust,brkga,16,3.0,0.8264721327850649,,-0.822085,62.48,20.0,0.0
400P3C,clust,brkga,17,4.0,0.745411890198619,,-0.818466,19.68,20.0,0.0
400P3C,clust,brkga,18,3.0,0.8237035688052101,,-0.818918,55.12,20.0,0.0
400P3C,clust,brkga,19,3.0,0.8229569549518874,,-0.820745,51.27,20.0,0.0
400P3C,clust,ils,0,3.0,0.8325880024911363,,-0.828863,39.3,20.0,0.0
400P3C,clust,ils,1,3.0,0.8330587676142734,,-0.82705,56.12,20.0,0.0
400P3C,clust,ils,2,3.0,0.8346696671778782,,-0.827199,38.34,20.0,0.0
400P3C,clust,ils,3,3.0,0.8296616880318011,,-0.825406,34.46,20.0,0.0
400P3C,clust,ils,4,3.0,0.8258501079584094,,-0.821013,21.85,20.0,0.0
400P3C,clust,ils,5,3.0,0.8228436715920295,,-0.816611,57.11,20.0,0.0
400P3C,clust,ils,6,4.0,0.763230812048744,,-0.820026,56.14,20.0,0.0
400P3C,clust,ils,7,4.0,0.7388935923325188,,-0.822798,46.25,20.0,0.0
400P3C,clust,ils,8,3.0,0.8306354199451126,,-0.826886,38.29,20.0,0.0
400P3C,clust,ils,9,4.0,0.7527784190274318,,-0.82183,60.79,20.0,0.0
400P3C,clust,ils,10,4.0,0.7376228098931127,,-0.821117,41.36,20.0,0.0
400P3C,clust,ils,11,3.0,0.8278759356013532,,-0.821731,56.94,20.0,0.0
400P3C,clust,ils,12,4.0,0.6766071373400837,,-0.826391,41.71,20.0,0.0
400P3C,clust,ils,13,3.0,0.832058876344242,,-0.828686,32.46,20.0,0.0
400P3C,clust,ils,14,4.0,0.7382793407343357,,-0.824159,5.14,20.0,0.0
400P3C,clust,ils,15,3.0,0.8256826687153502,,-0.821186,36.43,20.0,0.0
400P3C,clust,ils,16,3.0,0.8263762228176575,,-0.824754,52.61,20.0,0.0
400P3C,clust,ils,17,3.0,0.8326481091483907,,-0.826749,46.32,20.0,0.0
400P3C,clust,ils,18,4.0,0.7490192222327778,,-0.820783,55.71,20.0,0.0
400P3C,clust,ils,19,3.0,0.8510535779576741,,-0.838367,60.96,20.0,0.0
400P3C,clust,vns,0,4.0,0.7628618933791748,,-0.822195,51.54,20.0,0.0
400P3C,clust,vns,1,4.0,0.7373434070215095,,-0.824423,60.91,20.0,0.0
400P3C,clust,vns,2,3.0,0.8297398645023617,,-0.826504,59.76,20.0,0.0
400P3C,clust,vns,3,4.0,0.6731502755668013,,-0.822352,58.1,20.0,0.0
400P3C,clust,vns,4,3.0,0.8274922383725839,,-0.823674,62.68,20.0,0.0
400P3C,clust,vns,5,3.0,0.8322341766080567,,-0.825749,17.11,20.0,0.0
400P3C,clust,vns,6,3.0,0.8321873530218792,,-0.828704,35.78,20.0,0.0
400P3C,clust,vns,7,4.0,0.7525934638062531,,-0.826092,60.52,20.0,0.0
400P3C,clust,vns,8,4.0,0.7541605863260181,,-0.827217,34.44,20.0,0.0
400P3C,clust,vns,9,3.0,0.8286804407516404,,-0.822683,58.01,20.0,0.0
400P3C,clust,vns,10,3.0,0.8237587998739274,,-0.820194,52.21,20.0,0.0
400P3C,clust,vns,11,3.0,0.8302961674884821,,-0.82591,60.77,20.0,0.0
400P3C,clust,vns,12,3.0,0.829059687352947,,-0.823509,57.63,20.0,0.0
400P3C,clust,vns,13,3.0,0.827022496836425,,-0.825007,53.55,20.0,0.0
400P3C,clust,vns,14,4.0,0.6494563046722607,,-0.824776,18.74,20.0,0.0
400P3C,clust,vns,15,4.0,0.7588408455981754,,-0.818122,56.05,20.0,0.0
400P3C,clust,vns,16,4.0,0.75111898641004,,-0.823577,60.6,20.0,0.0
400P3C,clust,vns,17,3.0,0.8268180458482041,,-0.822205,55.91,20.0,0.0
400P3C,clust,vns,18,4.0,0.7377702330045934,,-0.821059,36.92,20.0,0.0
400P3C,clust,vns,19,3.0,0.8224593745730562,,-0.817054,42.6,20.0,0.0
A1,clust,brkga,0,11.0,0.3343372574020942,,-0.33248,60.6,20.0,0.0
A1,clust,brkga,1,15.0,0.2695928124000774,,-0.350696,50.73,20.0,0.0
A1,clust,brkga,2,13.0,0.3228302263328154,,-0.333614,31.09,20.0,0.0
A1,clust,brkga,3,13.0,0.3171045663014245,,-0.305879,51.86,20.0,0.0
A1,clust,brkga,4,22.0,0.3286172002866699,,-0.325908,31.48,20.0,0.0
A1,clust,brkga,5,4.0,0.3773178954214007,,-0.378279,2.62,20.0,0.0
A1,clust,brkga,6,8.0,0.2928016691830255,,-0.282639,57.68,20.0,0.0
A1,clust,brkga,7,12.0,0.3089100055393747,,-0.31559,25.99,20.0,0.0
A1,clust,brkga,8,2.0,0.2723863571364907,,-0.301664,29.53,20.0,0.0
A1,clust,brkga,9,4.0,0.347354948098574,,-0.329804,7.79,20.0,0.0
A1,clust,brkga,10,4.0,0.3513004803949867,,-0.356345,36.49,20.0,0.0
A1,clust,brkga,11,11.0,0.3579767658238483,,-0.33827,18.35,20.0,0.0
A1,clust,brkga,12,10.0,0.3297349758545789,,-0.316173,52.64,20.0,0.0
A1,clust,brkga,13,13.0,0.3500380315973472,,-0.351397,34.36,20.0,0.0
A1,clust,brkga,14,27.0,0.3236234996935767,,-0.32799,30.94,20.0,0.0
A1,clust,brkga,15,4.0,0.4009667496754011,,-0.404404,1.09,20.0,0.0
A1,clust,brkga,16,11.0,0.3246362432088861,,-0.319748,31.82,20.0,0.0
A1,clust,brkga,17,18.0,0.3114916104255767,,-0.312632,30.97,20.0,0.0
A1,clust,brkga,18,3.0,0.3967104866578157,,-0.377072,26.65,20.0,0.0
A1,clust,brkga,19,2.0,0.2909079519462209,,-0.318581,30.84,20.0,0.0
A1,clust,ils,0,12.0,0.4051242258962296,,-0.410243,60.36,20.0,0.0
A1,clust,ils,1,14.0,0.3789919234714084,,-0.375622,60.5,20.0,0.0
A1,clust,ils,2,21.0,0.3430518331262879,,-0.324354,56.7,20.0,0.0
A1,clust,ils,3,18.0,0.4180379950916844,,-0.421134,53.71,20.0,0.0
A1,clust,ils,4,18.0,0.3499273530302195,,-0.346718,60.1,20.0,0.0
A1,clust,ils,5,4.0,0.3773178954214007,,-0.378279,2.59,20.0,0.0
A1,clust,ils,6,10.0,0.3722939247076718,,-0.397116,60.94,20.0,0.0
A1,clust,ils,7,21.0,0.3713609943863429,,-0.365611,43.68,20.0,0.0
A1,clust,ils,8,13.0,0.3821967645495456,,-0.395724,42.14,20.0,0.0
A1,clust,ils,9,6.0,0.4273676028468592,,-0.432396,58.78,20.0,0.0
A1,clust,ils,10,6.0,0.4249640908280139,,-0.429285,64.26,20.0,0.0
A1,clust,ils,11,17.0,0.320582624601653,,-0.310394,57.52,20.0,0.0
A1,clust,ils,12,14.0,0.4052111458438863,,-0.40471,65.27,20.0,0.0
A1,clust,ils,13,13.0,0.3977362691498727,,-0.382311,60.33,20.0,0.0
A1,clust,ils,14,10.0,0.4166076618112286,,-0.419227,62.28,20.0,0.0
A1,clust,ils,15,4.0,0.4009667496754011,,-0.404404,1.06,20.0,0.0
A1,clust,ils,16,14.0,0.4123607235015259,,-0.405685,64.95,20.0,0.0
A1,clust,ils,17,11.0,0.3756412220607451,,-0.378426,56.29,20.0,0.0
A1,clust,ils,18,6.0,0.4008354419580385,,-0.405606,50.35,20.0,0.0
A1,clust,ils,19,14.0,0.3302586144188958,,-0.342841,61.46,20.0,0.0
A1,clust,vns,0,20.0,0.4021275053659462,,-0.410708,59.47,20.0,0.0
A1,clust,vns,1,14.0,0.3968268130299715,,-0.43143,65.09,20.0,0.0
A1,clust,vns,2,25.0,0.3890982751439519,,-0.392666,43.14,20.0,0.0
A1,clust,vns,3,22.0,0.3052721221407278,,-0.328698,39.86,20.0,0.0
A1,clust,vns,4,11.0,0.4373551146197721,,-0.440506,60.79,20.0,0.0
A1,clust,vns,5,23.0,0.4186852491548964,,-0.411049,58.42,20.0,0.0
A1,clust,vns,6,14.0,0.4096112646141422,,-0.406451,55.43,20.0,0.0
A1,clust,vns,7,16.0,0.3444551118378391,,-0.3504,60.64,20.0,0.0
A1,clust,vns,8,8.0,0.3417532805721507,,-0.33544,61.9,20.0,0.0
A1,clust,vns,9,22.0,0.3538404761968516,,-0.364582,55.4,20.0,0.0
A1,clust,vns,10,9.0,0.4034617671387274,,-0.391061,62.38,20.0,0.0
A1,clust,vns,11,17.0,0.3376233053341285,,-0.342071,61.48,20.0,0.0
A1,clust,vns,12,5.0,0.4080398659899263,,-0.421509,47.39,20.0,0.0
A1,clust,vns,13,22.0,0.3773703671276014,,-0.386645,53.98,20.0,0.0
A1,clust,vns,14,7.0,0.38833265542549,,-0.381742,63.43,20.0,0.0
A1,clust,vns,15,5.0,0.4052577541066754,,-0.416459,64.93,20.0,0.0
A1,clust,vns,16,8.0,0.4462671979926347,,-0.441851,66.03,20.0,0.0
A1,clust,vns,17,16.0,0.3839599521704324,,-0.397928,58.02,20.0,0.0
A1,clust,vns,18,24.0,0.3442177258496444,,-0.339451,65.62,20.0,0.0
A1,clust,vns,19,25.0,0.4044637503761161,,-0.404876,64.52,20.0,0.0
AGGREGATION,classf,brkga,0,7.0,0.3172,0.7464,,,20.0,
AGGREGATION,classf,brkga,1,4.0,0.4071,0.6061,,,20.0,
AGGREGATION,classf,brkga,2,5.0,0.3906,0.6798,,,20.0,
AGGREGATION,classf,brkga,3,3.0,0.4094,0.4677,,,20.0,
AGGREGATION,classf,brkga,4,7.0,0.342,0.7664,,,20.0,
AGGREGATION,classf,brkga,5,4.0,0.4837,0.6643,,,20.0,
AGGREGATION,classf,brkga,6,3.0,0.4493,0.4603,,,20.0,
AGGREGATION,classf,brkga,7,8.0,0.2899,0.6933,,,20.0,
AGGREGATION,classf,brkga,8,3.0,0.456,0.5055,,,20.0,
AGGREGATION,classf,brkga,9,3.0,0.4857,0.5818,,,20.0,
AGGREGATION,classf,brkga,10,5.0,0.4365,0.7076,,,20.0,
AGGREGATION,classf,brkga,11,3.0,0.4596,0.4894,,,20.0,
AGGREGATION,classf,brkga,12,7.0,0.4289,0.7968,,,20.0,
AGGREGATION,classf,brkga,13,4.0,0.4428,0.6101,,,20.0,
AGGREGATION,classf,brkga,14,4.0,0.46,0.6956,,,20.0,
AGGREGATION,classf,brkga,15,3.0,0.4378,0.4612,,,20.0,
AGGREGATION,classf,brkga,16,7.0,0.3361,0.6829,,,20.0,
AGGREGATION,classf,brkga,17,4.0,0.4562,0.6398,,,20.0,
AGGREGATION,classf,brkga,18,3.0,0.4213,0.451,,,20.0,
AGGREGATION,classf,brkga,19,4.0,0.4509713900503536,0.6851249110199867,-0.451115,20.66,20.0,0.0
AGGREGATION,classf,ils,0,6.0,0.3323523088250857,0.736993270968707,-0.491777,60.84,20.0,0.0
AGGREGATION,classf,ils,1,6.0,0.4744311465513696,0.8006156223704533,-0.473296,63.15,20.0,0.0
AGGREGATION,classf,ils,2,5.0,0.4344795369225095,0.6593271324642184,-0.435685,63.33,20.0,0.0
AGGREGATION,classf,ils,3,6.0,0.3088835420334774,0.727537735211654,-0.420252,56.36,20.0,0.0
AGGREGATION,classf,ils,4,6.0,0.406056436172308,0.7730946496328914,-0.453777,42.8,20.0,0.0
AGGREGATION,classf,ils,5,8.0,0.4079345673928952,0.7237956139198126,-0.428503,47.9,20.0,0.0
AGGREGATION,classf,ils,6,5.0,0.4067407588399732,0.7088236812190505,-0.47835,60.06,20.0,0.0
AGGREGATION,classf,ils,7,5.0,0.4594925922124389,0.7000345816485626,-0.459681,56.24,20.0,0.0
AGGREGATION,classf,ils,8,4.0,0.3959087168428307,0.5599248971775248,-0.496509,49.02,20.0,0.0
AGGREGATION,classf,ils,9,5.0,0.4371305143320219,0.7397662726726453,-0.438435,35.74,20.0,0.0
AGGREGATION,classf,ils,10,5.0,0.4232255134921089,0.7839913257794304,-0.520192,58.82,20.0,0.0
AGGREGATION,classf,ils,11,4.0,0.5067938035953417,0.7024907550422647,-0.506769,59.88,20.0,0.0
AGGREGATION,classf,ils,12,4.0,0.3943805218075176,0.5452122452726159,-0.49014,26.31,20.0,0.0
AGGREGATION,classf,ils,13,5.0,0.3779640335717536,0.7200666320026543,-0.495169,62.86,20.0,0.0
AGGREGATION,classf,ils,14,7.0,0.4825036266780398,0.9600547648068404,-0.482154,52.7,20.0,0.0
AGGREGATION,classf,ils,15,5.0,0.4553823610747842,0.7521128877155016,-0.456031,47.71,20.0,0.0
AGGREGATION,classf,ils,16,7.0,0.2897962164057676,0.5710488878890086,-0.383948,54.85,20.0,0.0
AGGREGATION,classf,ils,17,8.0,0.3728275898259386,0.7381380007562025,-0.44788,62.49,20.0,0.0
AGGREGATION,classf,ils,18,8.0,0.408247451101707,0.6557947917598499,-0.437889,25.54,20.0,0.0
AGGREGATION,classf,ils,19,4.0,0.385478738623037,0.5571296144727336,-0.496464,45.88,20.0,0.0
AGGREGATION,classf,vns,0,6.0,0.4262,0.673,,,20.0,
AGGREGATION,classf,vns,1,4.0,0.4818,0.7225,,,20.0,
AGGREGATION,classf,vns,2,7.0,0.4728,0.9871,,,20.0,
AGGREGATION,classf,vns,3,4.0,0.4072,0.5545,,,20.0,
AGGREGATION,classf,vns,4,9.0,0.3732,0.5981,,,20.0,
AGGREGATION,classf,vns,5,5.0,0.4207,0.7045,,,20.0,
AGGREGATION,classf,vns,6,6.0,0.4056,0.6313,,,20.0,
AGGREGATION,classf,vns,7,4.0,0.4043,0.5901,,,20.0,
AGGREGATION,classf,vns,8,4.0,0.3628,0.5144,,,20.0,
AGGREGATION,classf,vns,9,9.0,0.4114,0.7515,,,20.0,
AGGREGATION,classf,vns,10,4.0,0.4837,0.668,,,20.0,
AGGREGATION,classf,vns,11,3.0,0.4803,0.5704,,,20.0,
AGGREGATION,classf,vns,12,7.0,0.3523,0.6037,,,20.0,
AGGREGATION,classf,vns,13,6.0,0.4047,0.5854,,,20.0,
AGGREGATION,classf,vns,14,8.0,0.4296,0.898,,,20.0,
AGGREGATION,classf,vns,15,9.0,0.382,0.5992,,,20.0,
AGGREGATION,classf,vns,16,5.0,0.4541,0.7492,,,20.0,
AGGREGATION,classf,vns,17,9.0,0.3969,0.5729,,,20.0,
AGGREGATION,classf,vns,18,7.0,0.4099,0.6193,,,20.0,
AGGREGATION,classf,vns,19,6.0,0.3843798016568774,0.7135665133452086,-0.476306,48.1,20.0,0.0
BANKNOTE,clust,brkga,0,3.0,0.3564128902007555,,-0.36889,31.62,20.0,0.0
BANKNOTE,clust,brkga,1,3.0,0.3385776749542634,,-0.359264,42.87,20.0,0.0
BANKNOTE,clust,brkga,2,3.0,0.337685320280469,,-0.355459,61.79,20.0,0.0
BANKNOTE,clust,brkga,3,2.0,0.4153739387410959,,-0.431683,58.53,20.0,0.0
BANKNOTE,clust,brkga,4,3.0,0.3347996860746823,,-0.332141,31.99,20.0,0.0
BANKNOTE,clust,brkga,5,3.0,0.3359968564718965,,-0.338727,49.11,20.0,0.0
BANKNOTE,clust,brkga,6,2.0,0.3582099706232967,,-0.330541,31.94,20.0,0.0
BANKNOTE,clust,brkga,7,4.0,0.3268012678385026,,-0.37019,12.31,20.0,0.0
BANKNOTE,clust,brkga,8,3.0,0.339881038627183,,-0.358979,35.58,20.0,0.0
BANKNOTE,clust,brkga,9,3.0,0.3479115401787606,,-0.368228,51.62,20.0,0.0
BANKNOTE,clust,brkga,10,3.0,0.3512043111562614,,-0.36968,7.0,20.0,0.0
BANKNOTE,clust,brkga,11,3.0,0.3607171430121968,,-0.374056,29.13,20.0,0.0
BANKNOTE,clust,brkga,12,13.0,0.2909611320745388,,-0.294047,60.74,20.0,0.0
BANKNOTE,clust,brkga,13,4.0,0.2569867491281516,,-0.277378,56.17,20.0,0.0
BANKNOTE,clust,brkga,14,3.0,0.350030283116948,,-0.356402,1.0,20.0,0.0
BANKNOTE,clust,brkga,15,3.0,0.3397451489126287,,-0.33688,15.32,20.0,0.0
BANKNOTE,clust,brkga,16,2.0,0.4089824203229402,,-0.39163,37.17,20.0,0.0
BANKNOTE,clust,brkga,17,5.0,0.3238086121681327,,-0.306368,26.2,20.0,0.0
BANKNOTE,clust,brkga,18,2.0,0.417632138499544,,-0.437178,10.4,20.0,0.0
BANKNOTE,clust,brkga,19,6.0,0.2981334282537847,,-0.308672,45.12,20.0,0.0
BANKNOTE,clust,ils,0,6.0,0.3322058056935272,,-0.329199,47.05,20.0,0.0
BANKNOTE,clust,ils,1,10.0,0.3037635068331615,,-0.298044,57.73,20.0,0.0
BANKNOTE,clust,ils,2,11.0,0.2969288189959758,,-0.298361,59.92,20.0,0.0
BANKNOTE,clust,ils,3,7.0,0.3327840739182714,,-0.334232,62.71,20.0,0.0
BANKNOTE,clust,ils,4,11.0,0.3132685221784648,,-0.306609,57.37,20.0,0.0
BANKNOTE,clust,ils,5,17.0,0.3398762235456994,,-0.332365,46.1,20.0,0.0
BANKNOTE,clust,ils,6,2.0,0.4632524750774615,,-0.451651,17.1,20.0,0.0
BANKNOTE,clust,ils,7,6.0,0.3068167954417249,,-0.322328,49.02,20.0,0.0
BANKNOTE,clust,ils,8,15.0,0.3377358162554516,,-0.335449,37.51,20.0,0.0
BANKNOTE,clust,ils,9,11.0,0.2354175421267786,,-0.311992,61.88,20.0,0.0
BANKNOTE,clust,ils,10,4.0,0.3081495231649042,,-0.311932,38.19,20.0,0.0
BANKNOTE,clust,ils,11,6.0,0.3285580489110667,,-0.336474,58.35,20.0,0.0
BANKNOTE,clust,ils,12,7.0,0.3311221526839117,,-0.331535,48.77,20.0,0.0
BANKNOTE,clust,ils,13,7.0,0.3327028455640377,,-0.339346,50.52,20.0,0.0
BANKNOTE,clust,ils,14,3.0,0.350030283116948,,-0.356402,1.0,20.0,0.0
BANKNOTE,clust,ils,15,14.0,0.3592989421426831,,-0.363919,54.02,20.0,0.0
BANKNOTE,clust,ils,16,2.0,0.4008054809578474,,-0.381492,56.52,20.0,0.0
BANKNOTE,clust,ils,17,8.0,0.3257987919442502,,-0.326811,61.35,20.0,0.0
BANKNOTE,clust,ils,18,11.0,0.2934185941421799,,-0.305872,43.28,20.0,0.0
BANKNOTE,clust,ils,19,4.0,0.2109630054586306,,-0.374775,51.2,20.0,0.0
BANKNOTE,clust,vns,0,3.0,0.3568383479477992,,-0.373951,60.33,20.0,0.0
BANKNOTE,clust,vns,1,12.0,0.2960580868684351,,-0.347471,52.22,20.0,0.0
BANKNOTE,clust,vns,2,11.0,0.3378570759696411,,-0.335687,56.94,20.0,0.0
BANKNOTE,clust,vns,3,11.0,0.2836179981909928,,-0.308204,39.44,20.0,0.0
BANKNOTE,clust,vns,4,3.0,0.3127715405886972,,-0.417655,53.79,20.0,0.0
BANKNOTE,clust,vns,5,9.0,0.2862818525981698,,-0.276369,54.4,20.0,0.0
BANKNOTE,clust,vns,6,12.0,0.3138166840028963,,-0.332016,53.93,20.0,0.0
BANKNOTE,clust,vns,7,7.0,0.3209327156690846,,-0.346071,40.43,20.0,0.0
BANKNOTE,clust,vns,8,2.0,0.4693828176868512,,-0.457894,62.98,20.0,0.0
BANKNOTE,clust,vns,9,3.0,0.3478021266554513,,-0.365778,57.84,20.0,0.0
BANKNOTE,clust,vns,10,13.0,0.328129839245163,,-0.339402,62.2,20.0,0.0
BANKNOTE,clust,vns,11,2.0,0.4393633663371042,,-0.462777,17.08,20.0,0.0
BANKNOTE,clust,vns,12,2.0,0.4271582749128363,,-0.452461,26.46,20.0,0.0
BANKNOTE,clust,vns,13,4.0,0.2953328481119341,,-0.370215,53.09,20.0,0.0
BANKNOTE,clust,vns,14,3.0,0.350030283116948,,-0.356402,1.09,20.0,0.0
BANKNOTE,clust,vns,15,7.0,0.3358512576806999,,-0.342577,51.56,20.0,0.0
BANKNOTE,clust,vns,16,2.0,0.4459011577941923,,-0.476216,54.89,20.0,0.0
BANKNOTE,clust,vns,17,11.0,0.3468954547255173,,-0.345819,56.68,20.0,0.0
BANKNOTE,clust,vns,18,10.0,0.3172193978242202,,-0.327063,53.56,20.0,0.0
BANKNOTE,clust,vns,19,6.0,0.3237337941721029,,-0.337444,63.24,20.0,0.0
BREASTB,clust,brkga,0,1.0,,,-0.730403,19.73,20.0,0.0
BREASTB,clust,brkga,1,1.0,,,-0.752269,56.75,20.0,0.0
BREASTB,clust,brkga,2,2.0,0.7285012149483706,,-0.726214,8.71,20.0,0.0
BREASTB,clust,brkga,3,1.0,,,-0.752975,11.08,20.0,0.0
BREASTB,clust,brkga,4,1.0,,,-0.752975,40.89,20.0,0.0
BREASTB,clust,brkga,5,1.0,,,-0.744871,19.08,20.0,0.0
BREASTB,clust,brkga,6,1.0,,,-0.752975,28.17,20.0,0.0
BREASTB,clust,brkga,7,2.0,0.751480133127672,,-0.752269,51.74,20.0,0.0
BREASTB,clust,brkga,8,1.0,,,-0.737111,17.42,20.0,0.0
BREASTB,clust,brkga,9,1.0,,,-0.752975,32.78,20.0,0.0
BREASTB,clust,brkga,10,1.0,,,-0.752975,29.23,20.0,0.0
BREASTB,clust,brkga,11,1.0,,,-0.700594,16.41,20.0,0.0
BREASTB,clust,brkga,12,1.0,,,-0.752975,11.74,20.0,0.0
BREASTB,clust,brkga,13,1.0,,,-0.737437,7.28,20.0,0.0
BREASTB,clust,brkga,14,2.0,0.729456781661112,,-0.729454,13.79,20.0,0.0
BREASTB,clust,brkga,15,1.0,,,-0.722431,5.83,20.0,0.0
BREASTB,clust,brkga,16,1.0,,,-0.731323,15.18,20.0,0.0
BREASTB,clust,brkga,17,2.0,0.729456781661112,,-0.729454,13.9,20.0,0.0
BREASTB,clust,brkga,18,1.0,,,-0.737437,13.7,20.0,0.0
BREASTB,clust,brkga,19,1.0,,,-0.737437,32.36,20.0,0.0
BREASTB,clust,ils,0,2.0,0.7523556840402935,,-0.752975,26.37,20.0,0.0
BREASTB,clust,ils,1,2.0,0.7285012149483706,,-0.726214,35.01,20.0,0.0
BREASTB,clust,ils,2,2.0,0.7523556840402935,,-0.752975,43.76,20.0,0.0
BREASTB,clust,ils,3,2.0,0.7342731893373652,,-0.731323,60.07,20.0,0.0
BREASTB,clust,ils,4,1.0,,,-0.752975,3.85,20.0,0.0
BREASTB,clust,ils,5,1.0,,,-0.752975,55.58,20.0,0.0
BREASTB,clust,ils,6,2.0,0.7369606734934631,,-0.737437,4.48,20.0,0.0
BREASTB,clust,ils,7,1.0,,,-0.752975,15.57,20.0,0.0
BREASTB,clust,ils,8,1.0,,,-0.729038,27.91,20.0,0.0
BREASTB,clust,ils,9,2.0,0.7417816044513871,,-0.739745,49.01,20.0,0.0
BREASTB,clust,ils,10,1.0,,,-0.737437,25.34,20.0,0.0
BREASTB,clust,ils,11,1.0,,,-0.737437,58.73,20.0,0.0
BREASTB,clust,ils,12,1.0,,,-0.737725,37.36,20.0,0.0
BREASTB,clust,ils,13,1.0,,,-0.731323,43.65,20.0,0.0
BREASTB,clust,ils,14,2.0,0.7382573835904362,,-0.737725,34.31,20.0,0.0
BREASTB,clust,ils,15,1.0,,,-0.744871,29.71,20.0,0.0
BREASTB,clust,ils,16,1.0,,,-0.737437,50.61,20.0,0.0
BREASTB,clust,ils,17,2.0,0.7396178389169096,,-0.74049,55.97,20.0,0.0
BREASTB,clust,ils,18,2.0,0.7285012149483706,,-0.726214,39.39,20.0,0.0
BREASTB,clust,ils,19,1.0,,,-0.744871,16.16,20.0,0.0
BREASTB,clust,vns,0,1.0,,,-0.742648,57.58,20.0,0.0
BREASTB,clust,vns,1,1.0,,,-0.752975,13.58,20.0,0.0
BREASTB,clust,vns,2,1.0,,,-0.73772,20.61,20.0,0.0
BREASTB,clust,vns,3,1.0,,,-0.74333,21.79,20.0,0.0
BREASTB,clust,vns,4,2.0,0.7285012149483706,,-0.726214,9.87,20.0,0.0
BREASTB,clust,vns,5,1.0,,,-0.737437,3.23,20.0,0.0
BREASTB,clust,vns,6,2.0,0.7135249893353874,,-0.713183,22.11,20.0,0.0
BREASTB,clust,vns,7,1.0,,,-0.752975,60.69,20.0,0.0
BREASTB,clust,vns,8,1.0,,,-0.737437,7.43,20.0,0.0
BREASTB,clust,vns,9,1.0,,,-0.737437,45.01,20.0,0.0
BREASTB,clust,vns,10,1.0,,,-0.752975,57.62,20.0,0.0
BREASTB,clust,vns,11,1.0,,,-0.737725,32.14,20.0,0.0
BREASTB,clust,vns,12,1.0,,,-0.737111,33.25,20.0,0.0
BREASTB,clust,vns,13,1.0,,,-0.742648,48.55,20.0,0.0
BREASTB,clust,vns,14,1.0,,,-0.737111,23.56,20.0,0.0
BREASTB,clust,vns,15,1.0,,,-0.739131,55.65,20.0,0.0
BREASTB,clust,vns,16,1.0,,,-0.752975,30.74,20.0,0.0
BREASTB,clust,vns,17,2.0,0.7285012149483706,,-0.726214,2.79,20.0,0.0
BREASTB,clust,vns,18,1.0,,,-0.744871,56.94,20.0,0.0
BREASTB,clust,vns,19,2.0,0.7342731893373652,,-0.731323,6.77,20.0,0.0
BROKEN-RING,clust,brkga,0,4.0,0.4305501175131241,,-0.43103,30.98,20.0,0.0
BROKEN-RING,clust,brkga,1,4.0,0.4087833160985017,,-0.409314,31.29,20.0,0.0
BROKEN-RING,clust,brkga,2,8.0,0.3150315538863819,,-0.412562,55.71,20.0,0.0
BROKEN-RING,clust,brkga,3,12.0,0.4365864992221257,,-0.445321,61.18,20.0,0.0
BROKEN-RING,clust,brkga,4,6.0,0.384307348038708,,-0.479161,11.42,20.0,0.0
BROKEN-RING,clust,brkga,5,12.0,0.34314411449908,,-0.417101,24.33,20.0,0.0
BROKEN-RING,clust,brkga,6,6.0,0.2935038531451918,,-0.403422,16.97,20.0,0.0
BROKEN-RING,clust,brkga,7,13.0,0.4122482297939261,,-0.444929,31.27,20.0,0.0
BROKEN-RING,clust,brkga,8,8.0,0.3689989200642005,,-0.421243,62.59,20.0,0.0
BROKEN-RING,clust,brkga,9,5.0,0.4408518161447198,,-0.440736,7.9,20.0,0.0
BROKEN-RING,clust,brkga,10,6.0,0.438111280366092,,-0.437991,28.68,20.0,0.0
BROKEN-RING,clust,brkga,11,6.0,0.4385911565900226,,-0.43862,6.45,20.0,0.0
BROKEN-RING,clust,brkga,12,6.0,0.4470004669480295,,-0.447086,23.48,20.0,0.0
BROKEN-RING,clust,brkga,13,8.0,0.4341869035116607,,-0.435424,24.09,20.0,0.0
BROKEN-RING,clust,brkga,14,5.0,0.4773297594096167,,-0.477378,30.23,20.0,0.0
BROKEN-RING,clust,brkga,15,12.0,0.4702679013729597,,-0.452272,32.67,20.0,0.0
BROKEN-RING,clust,brkga,16,8.0,0.428506822635965,,-0.42963,30.33,20.0,0.0
BROKEN-RING,clust,brkga,17,5.0,0.466265564131779,,-0.466265,62.67,20.0,0.0
BROKEN-RING,clust,brkga,18,10.0,0.4362335571929276,,-0.46151,61.84,20.0,0.0
BROKEN-RING,clust,brkga,19,4.0,0.3961675950528865,,-0.396835,34.4,20.0,0.0
BROKEN-RING,clust,ils,0,6.0,0.3786555027373992,,-0.505048,28.48,20.0,0.0
BROKEN-RING,clust,ils,1,7.0,0.448716249061675,,-0.449627,59.92,20.0,0.0
BROKEN-RING,clust,ils,2,7.0,0.4540768642240049,,-0.455311,58.0,20.0,0.0
BROKEN-RING,clust,ils,3,11.0,0.499463318295734,,-0.500285,28.65,20.0,0.0
BROKEN-RING,clust,ils,4,5.0,0.5052711871170454,,-0.505257,30.28,20.0,0.0
BROKEN-RING,clust,ils,5,5.0,0.5000663284796963,,-0.500047,49.12,20.0,0.0
BROKEN-RING,clust,ils,6,11.0,0.4562050867539735,,-0.466873,25.53,20.0,0.0
BROKEN-RING,clust,ils,7,9.0,0.4439457554744331,,-0.448565,59.58,20.0,0.0
BROKEN-RING,clust,ils,8,4.0,0.4296038512149395,,-0.427347,38.72,20.0,0.0
BROKEN-RING,clust,ils,9,6.0,0.4632738561140765,,-0.463344,61.46,20.0,0.0
BROKEN-RING,clust,ils,10,5.0,0.5107513494792387,,-0.510712,56.56,20.0,0.0
BROKEN-RING,clust,ils,11,5.0,0.5055362646106991,,-0.505518,61.47,20.0,0.0
BROKEN-RING,clust,ils,12,6.0,0.3293675963846855,,-0.414197,49.85,20.0,0.0
BROKEN-RING,clust,ils,13,5.0,0.4784301299207641,,-0.478237,62.21,20.0,0.0
BROKEN-RING,clust,ils,14,9.0,0.4344610695627438,,-0.448162,59.97,20.0,0.0
BROKEN-RING,clust,ils,15,7.0,0.4185730272465704,,-0.418196,56.09,20.0,0.0
BROKEN-RING,clust,ils,16,5.0,0.5070104939955057,,-0.50701,55.1,20.0,0.0
BROKEN-RING,clust,ils,17,5.0,0.5092031427526218,,-0.509194,51.29,20.0,0.0
BROKEN-RING,clust,ils,18,5.0,0.5103235519494039,,-0.510319,61.94,20.0,0.0
BROKEN-RING,clust,ils,19,10.0,0.4548722047000868,,-0.483091,46.05,20.0,0.0
BROKEN-RING,clust,vns,0,5.0,0.510882684733306,,-0.510489,60.36,20.0,0.0
BROKEN-RING,clust,vns,1,5.0,0.5089001348698348,,-0.508747,62.49,20.0,0.0
BROKEN-RING,clust,vns,2,10.0,0.3780909639585302,,-0.379799,1.47,20.0,0.0
BROKEN-RING,clust,vns,3,8.0,0.3700232766046173,,-0.463362,57.25,20.0,0.0
BROKEN-RING,clust,vns,4,5.0,0.5176622481921097,,-0.517499,54.81,20.0,0.0
BROKEN-RING,clust,vns,5,6.0,0.4675325441433596,,-0.467567,63.06,20.0,0.0
BROKEN-RING,clust,vns,6,4.0,0.4700419271985955,,-0.469462,56.61,20.0,0.0
BROKEN-RING,clust,vns,7,5.0,0.5207614929516764,,-0.520709,61.46,20.0,0.0
BROKEN-RING,clust,vns,8,6.0,0.4091611701570197,,-0.476098,59.29,20.0,0.0
BROKEN-RING,clust,vns,9,5.0,0.5122285379008299,,-0.512216,45.72,20.0,0.0
BROKEN-RING,clust,vns,10,10.0,0.4285134284161743,,-0.428837,61.56,20.0,0.0
BROKEN-RING,clust,vns,11,6.0,0.448625706822909,,-0.448045,57.61,20.0,0.0
BROKEN-RING,clust,vns,12,7.0,0.3585095857674671,,-0.455432,62.63,20.0,0.0
BROKEN-RING,clust,vns,13,4.0,0.4229837669352269,,-0.421989,27.84,20.0,0.0
BROKEN-RING,clust,vns,14,7.0,0.390785595722802,,-0.390559,36.23,20.0,0.0
BROKEN-RING,clust,vns,15,5.0,0.5137399542032434,,-0.513552,53.64,20.0,0.0
BROKEN-RING,clust,vns,16,6.0,0.2968956374119094,,-0.399788,62.15,20.0,0.0
BROKEN-RING,clust,vns,17,6.0,0.4052147491998009,,-0.477229,59.49,20.0,0.0
BROKEN-RING,clust,vns,18,5.0,0.5113679016595928,,-0.511325,60.72,20.0,0.0
BROKEN-RING,clust,vns,19,8.0,0.4409285934920827,,-0.438932,57.96,20.0,0.0
BUPA,clust,brkga,0,2.0,0.7234846851362686,,-0.72706,60.97,20.0,0.0
BUPA,clust,brkga,1,2.0,0.7156905598004871,,-0.71917,59.61,20.0,0.0
BUPA,clust,brkga,2,2.0,0.7099109892573225,,-0.708495,57.43,20.0,0.0
BUPA,clust,brkga,3,2.0,0.7051088937518221,,-0.714226,56.72,20.0,0.0
BUPA,clust,brkga,4,2.0,0.7122465530737991,,-0.712605,57.1,20.0,0.0
BUPA,clust,brkga,5,2.0,0.7177141009344725,,-0.722003,58.82,20.0,0.0
BUPA,clust,brkga,6,2.0,0.7055678685143485,,-0.704318,61.67,20.0,0.0
BUPA,clust,brkga,7,2.0,0.7118197735478968,,-0.711644,60.05,20.0,0.0
BUPA,clust,brkga,8,2.0,0.709691860192397,,-0.709355,59.61,20.0,0.0
BUPA,clust,brkga,9,2.0,0.7060473486288378,,-0.70694,55.96,20.0,0.0
BUPA,clust,brkga,10,2.0,0.7156905598004871,,-0.71917,57.29,20.0,0.0
BUPA,clust,brkga,11,2.0,0.7196830250486446,,-0.72463,58.52,20.0,0.0
BUPA,clust,brkga,12,2.0,0.7122465530737991,,-0.712605,60.9,20.0,0.0
BUPA,clust,brkga,13,2.0,0.6993661044545985,,-0.700784,46.45,20.0,0.0
BUPA,clust,brkga,14,2.0,0.7210736004844387,,-0.724938,53.13,20.0,0.0
BUPA,clust,brkga,15,2.0,0.7048609295272379,,-0.706469,27.47,20.0,0.0
BUPA,clust,brkga,16,2.0,0.710474534162603,,-0.710238,59.5,20.0,0.0
BUPA,clust,brkga,17,2.0,0.7142874912921761,,-0.71715,56.58,20.0,0.0
BUPA,clust,brkga,18,2.0,0.7194484556861976,,-0.721595,56.96,20.0,0.0
BUPA,clust,brkga,19,2.0,0.7138725567833774,,-0.721777,57.23,20.0,0.0
BUPA,clust,ils,0,2.0,0.7058064348304957,,-0.708834,18.41,20.0,0.0
BUPA,clust,ils,1,2.0,0.7374387730810621,,-0.748238,29.2,20.0,0.0
BUPA,clust,ils,2,2.0,0.7221192226714088,,-0.72581,48.95,20.0,0.0
BUPA,clust,ils,3,2.0,0.7277839171466893,,-0.737516,22.61,20.0,0.0
BUPA,clust,ils,4,2.0,0.3967564238599,,-0.634446,29.03,20.0,0.0
BUPA,clust,ils,5,2.0,0.7096066345296528,,-0.71744,53.85,20.0,0.0
BUPA,clust,ils,6,2.0,0.6117671716344174,,-0.595773,46.44,20.0,0.0
BUPA,clust,ils,7,2.0,0.7196830250486446,,-0.72463,34.46,20.0,0.0
BUPA,clust,ils,8,2.0,0.7243166273192344,,-0.733934,47.17,20.0,0.0
BUPA,clust,ils,9,2.0,0.7108566013459824,,-0.711324,33.82,20.0,0.0
BUPA,clust,ils,10,2.0,0.7165439347881817,,-0.720228,54.51,20.0,0.0
BUPA,clust,ils,11,2.0,0.7414766087147571,,-0.750721,54.4,20.0,0.0
BUPA,clust,ils,12,2.0,0.7357241244857615,,-0.748715,45.61,20.0,0.0
BUPA,clust,ils,13,2.0,0.7128295197611662,,-0.717799,10.24,20.0,0.0
BUPA,clust,ils,14,2.0,0.7365393688291079,,-0.746412,26.44,20.0,0.0
BUPA,clust,ils,15,2.0,0.7272676130640879,,-0.732736,44.2,20.0,0.0
BUPA,clust,ils,16,2.0,0.7123709495786068,,-0.713388,50.8,20.0,0.0
BUPA,clust,ils,17,2.0,0.7480759273271923,,-0.760952,49.27,20.0,0.0
BUPA,clust,ils,18,2.0,0.7108566013459824,,-0.711324,55.97,20.0,0.0
BUPA,clust,ils,19,2.0,0.7284080402453016,,-0.728691,61.45,20.0,0.0
BUPA,clust,vns,0,2.0,0.7238587012142077,,-0.726177,60.1,20.0,0.0
BUPA,clust,vns,1,2.0,0.7196830250486446,,-0.72463,39.33,20.0,0.0
BUPA,clust,vns,2,2.0,0.7402007454290164,,-0.752134,28.01,20.0,0.0
BUPA,clust,vns,3,2.0,0.6947897662769801,,-0.690888,25.59,20.0,0.0
BUPA,clust,vns,4,2.0,0.7202831033230788,,-0.726877,56.4,20.0,0.0
BUPA,clust,vns,5,2.0,0.7276701767975625,,-0.736497,29.92,20.0,0.0
BUPA,clust,vns,6,2.0,0.7273602831751736,,-0.735366,42.91,20.0,0.0
BUPA,clust,vns,7,2.0,0.7124783862981251,,-0.711734,55.83,20.0,0.0
BUPA,clust,vns,8,2.0,0.7425544106524093,,-0.756251,33.25,20.0,0.0
BUPA,clust,vns,9,2.0,0.7487182450236002,,-0.757952,53.91,20.0,0.0
BUPA,clust,vns,10,2.0,0.600261482211397,,-0.567733,57.3,20.0,0.0
BUPA,clust,vns,11,2.0,0.7206086917602759,,-0.722116,51.01,20.0,0.0
BUPA,clust,vns,12,2.0,0.7093826002306869,,-0.707769,60.93,20.0,0.0
BUPA,clust,vns,13,2.0,0.7008764496632932,,-0.699868,8.88,20.0,0.0
BUPA,clust,vns,14,2.0,0.7157837359437812,,-0.717246,57.77,20.0,0.0
BUPA,clust,vns,15,2.0,0.6803994983500565,,-0.674895,15.45,20.0,0.0
BUPA,clust,vns,16,2.0,0.6971994020276672,,-0.696626,12.34,20.0,0.0
BUPA,clust,vns,17,2.0,0.6841785420192711,,-0.677073,52.33,20.0,0.0
BUPA,clust,vns,18,2.0,0.7327892130826374,,-0.739536,57.88,20.0,0.0
BUPA,clust,vns,19,2.0,0.7202831033230788,,-0.726877,36.68,20.0,0.0
CHART,clust,brkga,0,3.0,0.4105230157214911,,-0.41553,28.52,20.0,0.0
CHART,clust,brkga,1,3.0,0.4179778448797013,,-0.422675,18.38,20.0,0.0
CHART,clust,brkga,2,3.0,0.4169552043601899,,-0.424023,49.7,20.0,0.0
CHART,clust,brkga,3,3.0,0.4054006977386951,,-0.40134,31.38,20.0,0.0
CHART,clust,brkga,4,3.0,0.3996808500388434,,-0.407429,37.16,20.0,0.0
CHART,clust,brkga,5,2.0,0.3159845106053255,,-0.412517,12.59,20.0,0.0
CHART,clust,brkga,6,2.0,0.3128891126956817,,-0.400971,62.95,20.0,0.0
CHART,clust,brkga,7,3.0,0.3669546149499025,,-0.3994,26.52,20.0,0.0
CHART,clust,brkga,8,3.0,0.4090224222553337,,-0.414026,28.78,20.0,0.0
CHART,clust,brkga,9,3.0,0.3825287222069151,,-0.407407,36.49,20.0,0.0
CHART,clust,brkga,10,3.0,0.4149069787478998,,-0.402505,53.49,20.0,0.0
CHART,clust,brkga,11,5.0,0.3364292777478918,,-0.414341,28.94,20.0,0.0
CHART,clust,brkga,12,4.0,0.3450385226365821,,-0.419704,25.49,20.0,0.0
CHART,clust,brkga,13,5.0,0.3167471862975674,,-0.417484,46.52,20.0,0.0
CHART,clust,brkga,14,3.0,0.3525937769853695,,-0.384225,34.33,20.0,0.0
CHART,clust,brkga,15,3.0,0.426028846925818,,-0.413669,32.97,20.0,0.0
CHART,clust,brkga,16,4.0,0.3720038995457374,,-0.402784,24.35,20.0,0.0
CHART,clust,brkga,17,3.0,0.4123830256487243,,-0.422618,57.85,20.0,0.0
CHART,clust,brkga,18,3.0,0.3933161475164127,,-0.404144,59.52,20.0,0.0
CHART,clust,brkga,19,4.0,0.238710669700782,,-0.39657,31.95,20.0,0.0
CHART,clust,ils,0,5.0,0.3319661010206606,,-0.36892,55.67,20.0,0.0
CHART,clust,ils,1,3.0,0.4239951880394782,,-0.41309,46.15,20.0,0.0
CHART,clust,ils,2,3.0,0.4249001615979,,-0.388486,52.43,20.0,0.0
CHART,clust,ils,3,4.0,0.395858458064534,,-0.359003,49.85,20.0,0.0
CHART,clust,ils,4,4.0,0.35035248181873,,-0.38471,53.73,20.0,0.0
CHART,clust,ils,5,4.0,0.3658627490878577,,-0.390443,57.74,20.0,0.0
CHART,clust,ils,6,5.0,0.3159510892093429,,-0.401811,49.32,20.0,0.0
CHART,clust,ils,7,3.0,0.4122385973135057,,-0.41606,55.84,20.0,0.0
CHART,clust,ils,8,4.0,0.3865770385054239,,-0.423637,47.54,20.0,0.0
CHART,clust,ils,9,3.0,0.4171986779203914,,-0.422429,57.41,20.0,0.0
CHART,clust,ils,10,3.0,0.418707017876159,,-0.411102,57.42,20.0,0.0
CHART,clust,ils,11,3.0,0.4460436910716914,,-0.410095,60.79,20.0,0.0
CHART,clust,ils,12,4.0,0.3031955597909488,,-0.42276,43.15,20.0,0.0
CHART,clust,ils,13,5.0,0.321789382271853,,-0.416136,46.97,20.0,0.0
CHART,clust,ils,14,3.0,0.4315457162378614,,-0.414486,56.37,20.0,0.0
CHART,clust,ils,15,3.0,0.4211921217880937,,-0.3852,47.4,20.0,0.0
CHART,clust,ils,16,3.0,0.428362308850153,,-0.427263,57.12,20.0,0.0
CHART,clust,ils,17,5.0,0.3700909739013741,,-0.336662,60.19,20.0,0.0
CHART,clust,ils,18,3.0,0.436926260528297,,-0.418639,57.27,20.0,0.0
CHART,clust,ils,19,4.0,0.2860364055600972,,-0.413274,62.26,20.0,0.0
CHART,clust,vns,0,3.0,0.425293625262881,,-0.418096,25.22,20.0,0.0
CHART,clust,vns,1,3.0,0.4217103055595833,,-0.42548,48.6,20.0,0.0
CHART,clust,vns,2,5.0,0.3007779959704806,,-0.36283,1.44,20.0,0.0
CHART,clust,vns,3,6.0,0.40572001413344,,-0.406753,45.43,20.0,0.0
CHART,clust,vns,4,6.0,0.3751695202418691,,-0.373965,46.95,20.0,0.0
CHART,clust,vns,5,3.0,0.440981537984462,,-0.431689,60.26,20.0,0.0
CHART,clust,vns,6,2.0,0.4699426164337198,,-0.38668,27.74,20.0,0.0
CHART,clust,vns,7,5.0,0.2454644975033135,,-0.395405,56.63,20.0,0.0
CHART,clust,vns,8,3.0,0.3899529931339486,,-0.393007,60.74,20.0,0.0
CHART,clust,vns,9,6.0,0.3558187530230124,,-0.360112,51.53,20.0,0.0
CHART,clust,vns,10,5.0,0.3198787011075388,,-0.381263,31.83,20.0,0.0
CHART,clust,vns,11,4.0,0.2693194962460269,,-0.423083,47.49,20.0,0.0
CHART,clust,vns,12,4.0,0.3684196197224595,,-0.419454,59.67,20.0,0.0
CHART,clust,vns,13,3.0,0.4351962778606554,,-0.418157,44.63,20.0,0.0
CHART,clust,vns,14,5.0,0.3586496611726571,,-0.371452,53.13,20.0,0.0
CHART,clust,vns,15,4.0,0.3633192265864647,,-0.430588,40.69,20.0,0.0
CHART,clust,vns,16,4.0,0.2812167383287324,,-0.41957,62.82,20.0,0.0
CHART,clust,vns,17,4.0,0.3906580944223837,,-0.415457,59.81,20.0,0.0
CHART,clust,vns,18,3.0,0.4169912353519154,,-0.42243,39.94,20.0,0.0
CHART,clust,vns,19,4.0,0.3610727315144895,,-0.389715,56.42,20.0,0.0
COMPOUND,classf,brkga,0,3.0,0.6116756679610926,0.726532638115873,-0.602592,35.81,20.0,0.0
COMPOUND,classf,brkga,1,3.0,0.6188042836325358,0.7370883327534201,-0.610354,56.5,20.0,0.0
COMPOUND,classf,brkga,2,3.0,0.6051184140186703,0.7096583683311185,-0.591754,62.81,20.0,0.0
COMPOUND,classf,brkga,3,4.0,0.5852789074890544,0.7195335512452132,-0.596768,25.35,20.0,0.0
COMPOUND,classf,brkga,4,3.0,0.6131439813595793,0.7302193204347792,-0.60004,54.68,20.0,0.0
COMPOUND,classf,brkga,5,3.0,0.6201229925965225,0.7377244158946948,-0.609306,29.61,20.0,0.0
COMPOUND,classf,brkga,6,2.0,0.5338061093720974,0.5246078120824226,-0.612843,44.35,20.0,0.0
COMPOUND,classf,brkga,7,3.0,0.6291575907872395,0.7426786663107504,-0.618528,27.77,20.0,0.0
COMPOUND,classf,brkga,8,3.0,0.6086500295177474,0.6954345674055485,-0.598747,20.87,20.0,0.0
COMPOUND,classf,brkga,9,4.0,0.5168940895179257,0.7103692715939742,-0.608206,38.78,20.0,0.0
COMPOUND,classf,brkga,10,3.0,0.6199737477648178,0.7298824835990847,-0.608511,53.4,20.0,0.0
COMPOUND,classf,brkga,11,4.0,0.6024257440799387,0.7255791854412409,-0.612046,32.19,20.0,0.0
COMPOUND,classf,brkga,12,3.0,0.6277159576258707,0.7099359024123267,-0.614619,29.31,20.0,0.0
COMPOUND,classf,brkga,13,3.0,0.6052529089016383,0.7155257313264484,-0.597086,20.44,20.0,0.0
COMPOUND,classf,brkga,14,3.0,0.6087963789132286,0.7188962582597677,-0.58796,62.08,20.0,0.0
COMPOUND,classf,brkga,15,2.0,0.4937372798257269,0.4952730168150023,-0.598042,59.03,20.0,0.0
COMPOUND,classf,brkga,16,3.0,0.6040297509623992,0.6773688124083586,-0.597846,62.9,20.0,0.0
COMPOUND,classf,brkga,17,3.0,0.6150483489451715,0.729845539665238,-0.606794,55.07,20.0,0.0
COMPOUND,classf,brkga,18,4.0,0.5827094368583419,0.7556497359437978,-0.612878,51.83,20.0,0.0
COMPOUND,classf,brkga,19,3.0,0.6152268684171859,0.7306974129211345,-0.603544,63.2,20.0,0.0
COMPOUND,classf,ils,0,4.0,0.551466556217793,0.7606870467021289,-0.634117,63.58,20.0,0.0
COMPOUND,classf,ils,1,3.0,0.6446238544688733,0.7447930058673707,-0.629359,48.36,20.0,0.0
COMPOUND,classf,ils,2,3.0,0.6368337625321431,0.745011733486044,-0.627079,58.9,20.0,0.0
COMPOUND,classf,ils,3,3.0,0.6268455733383709,0.7271292846918715,-0.60819,62.5,20.0,0.0
COMPOUND,classf,ils,4,3.0,0.6046540260319649,0.7028739067971039,-0.590002,59.39,20.0,0.0
COMPOUND,classf,ils,5,4.0,0.5226338816162933,0.7293631950333953,-0.613942,53.19,20.0,0.0
COMPOUND,classf,ils,6,4.0,0.5387386662382587,0.7610498154383886,-0.629655,55.74,20.0,0.0
COMPOUND,classf,ils,7,3.0,0.6464967432397472,0.7571425925419546,-0.634172,48.15,20.0,0.0
COMPOUND,classf,ils,8,4.0,0.5428101691401014,0.7508845597487316,-0.61871,7.25,20.0,0.0
COMPOUND,classf,ils,9,3.0,0.6454359246451157,0.7631497814489803,-0.633987,60.46,20.0,0.0
COMPOUND,classf,ils,10,4.0,0.3967375966289617,0.7285520526853927,-0.609887,29.82,20.0,0.0
COMPOUND,classf,ils,11,3.0,0.6378602609383982,0.7618771212242534,-0.625398,58.71,20.0,0.0
COMPOUND,classf,ils,12,4.0,0.5689629342004999,0.7260190790118497,-0.618355,51.88,20.0,0.0
COMPOUND,classf,ils,13,3.0,0.6290628119960293,0.7268093164176509,-0.617535,58.1,20.0,0.0
COMPOUND,classf,ils,14,3.0,0.6279252480872097,0.7538694036891235,-0.616195,62.87,20.0,0.0
COMPOUND,classf,ils,15,3.0,0.2454220347015162,0.3492948681428293,-0.598771,56.43,20.0,0.0
COMPOUND,classf,ils,16,3.0,0.6392257749962053,0.7408291800075265,-0.622271,57.95,20.0,0.0
COMPOUND,classf,ils,17,3.0,0.6409667164995546,0.7303917180804086,-0.629531,60.83,20.0,0.0
COMPOUND,classf,ils,18,2.0,0.5458359082389751,0.5471804356424581,-0.640326,60.27,20.0,0.0
COMPOUND,classf,ils,19,4.0,0.5461396779270737,0.7355715079435086,-0.606942,25.53,20.0,0.0
COMPOUND,classf,vns,0,3.0,0.6623297560815542,0.7728803923397554,-0.647957,61.42,20.0,0.0
COMPOUND,classf,vns,1,3.0,0.6334691036399465,0.7522827063831691,-0.626792,50.2,20.0,0.0
COMPOUND,classf,vns,2,3.0,0.5487312787291517,0.7333330984228393,-0.614625,45.47,20.0,0.0
COMPOUND,classf,vns,3,3.0,0.618316693603432,0.7310373053788641,-0.6064,37.4,20.0,0.0
COMPOUND,classf,vns,4,5.0,0.5124802751104515,0.7719146525487489,-0.620371,33.33,20.0,0.0
COMPOUND,classf,vns,5,4.0,0.4161423236907907,0.6852869702352938,-0.618234,60.44,20.0,0.0
COMPOUND,classf,vns,6,4.0,0.4669214223510481,0.5452165213659649,-0.606083,58.49,20.0,0.0
COMPOUND,classf,vns,7,3.0,0.6313581114817481,0.7443544490923322,-0.621213,49.62,20.0,0.0
COMPOUND,classf,vns,8,2.0,0.5310569216319703,0.5240008488850304,-0.627012,15.78,20.0,0.0
COMPOUND,classf,vns,9,3.0,0.5473769109511499,0.7273087712203428,-0.530129,44.45,20.0,0.0
COMPOUND,classf,vns,10,4.0,0.5463322629377995,0.7189518352693314,-0.632261,24.62,20.0,0.0
COMPOUND,classf,vns,11,3.0,0.6375606194133066,0.733952796885094,-0.625732,62.68,20.0,0.0
COMPOUND,classf,vns,12,3.0,0.5926973696011727,0.7093504883208561,-0.584266,60.04,20.0,0.0
COMPOUND,classf,vns,13,4.0,0.5096850204068823,0.7563315259535319,-0.592,47.01,20.0,0.0
COMPOUND,classf,vns,14,2.0,0.5453304397760808,0.551087727830555,-0.639035,40.76,20.0,0.0
COMPOUND,classf,vns,15,3.0,0.451156056762063,0.6418738232895703,-0.627691,55.4,20.0,0.0
COMPOUND,classf,vns,16,3.0,0.6413240443981814,0.750694936076976,-0.632317,61.66,20.0,0.0
COMPOUND,classf,vns,17,3.0,0.6306566444409423,0.7307437061723709,-0.616585,46.44,20.0,0.0
COMPOUND,classf,vns,18,2.0,0.5427750469632977,0.5490810142425449,-0.646489,46.38,20.0,0.0
COMPOUND,classf,vns,19,3.0,0.6313000304956252,0.7272828802646549,-0.62001,39.8,20.0,0.0
CONCRETEDATA,clust,brkga,0,5.0,0.3443,,,,20.0,
CONCRETEDATA,clust,brkga,1,4.0,0.3529,,,,20.0,
CONCRETEDATA,clust,brkga,2,2.0,0.3897,,,,20.0,
CONCRETEDATA,clust,brkga,3,3.0,0.3282,,,,20.0,
CONCRETEDATA,clust,brkga,4,3.0,0.3799,,,,20.0,
CONCRETEDATA,clust,brkga,5,2.0,0.3493,,,,20.0,
CONCRETEDATA,clust,brkga,6,2.0,0.4162,,,,20.0,
CONCRETEDATA,clust,brkga,7,6.0,0.3232,,,,20.0,
CONCRETEDATA,clust,brkga,8,2.0,0.4717,,,,20.0,
CONCRETEDATA,clust,brkga,9,3.0,0.3836,,,,20.0,
CONCRETEDATA,clust,brkga,10,4.0,0.3646,,,,20.0,
CONCRETEDATA,clust,brkga,11,6.0,0.3378,,,,20.0,
CONCRETEDATA,clust,brkga,12,3.0,0.3911,,,,20.0,
CONCRETEDATA,clust,brkga,13,3.0,0.3844,,,,20.0,
CONCRETEDATA,clust,brkga,14,4.0,0.3602,,,,20.0,
CONCRETEDATA,clust,brkga,15,3.0,0.3819,,,,20.0,
CONCRETEDATA,clust,brkga,16,2.0,0.4306,,,,20.0,
CONCRETEDATA,clust,brkga,17,2.0,0.4351,,,,20.0,
CONCRETEDATA,clust,brkga,18,3.0,0.3839624494181185,,-0.366575,23.54,20.0,0.0
CONCRETEDATA,clust,brkga,19,2.0,0.3688409065661198,,-0.385,38.95,20.0,0.0
CONCRETEDATA,clust,ils,0,4.0,0.3561,,,,20.0,
CONCRETEDATA,clust,ils,1,6.0,0.3389,,,,20.0,
CONCRETEDATA,clust,ils,2,5.0,0.3572,,,,20.0,
CONCRETEDATA,clust,ils,3,4.0,0.3502,,,,20.0,
CONCRETEDATA,clust,ils,4,3.0,0.3366,,,,20.0,
CONCRETEDATA,clust,ils,5,8.0,0.3626,,,,20.0,
CONCRETEDATA,clust,ils,6,3.0,0.3711,,,,20.0,
CONCRETEDATA,clust,ils,7,5.0,0.3324,,,,20.0,
CONCRETEDATA,clust,ils,8,2.0,0.4798,,,,20.0,
CONCRETEDATA,clust,ils,9,9.0,0.3292,,,,20.0,
CONCRETEDATA,clust,ils,10,2.0,0.4255,,,,20.0,
CONCRETEDATA,clust,ils,11,3.0,0.3281,,,,20.0,
CONCRETEDATA,clust,ils,12,3.0,0.3476,,,,20.0,
CONCRETEDATA,clust,ils,13,3.0,0.4101,,,,20.0,
CONCRETEDATA,clust,ils,14,2.0,0.465,,,,20.0,
CONCRETEDATA,clust,ils,15,3.0,0.3249,,,,20.0,
CONCRETEDATA,clust,ils,16,3.0,0.415,,,,20.0,
CONCRETEDATA,clust,ils,17,6.0,0.3067,,,,20.0,
CONCRETEDATA,clust,ils,18,3.0,0.3412986032837003,,-0.454774,53.13,20.0,0.0
CONCRETEDATA,clust,ils,19,3.0,0.4066922640527962,,-0.386301,52.14,20.0,0.0
CONCRETEDATA,clust,vns,0,2.0,0.4897,,,,20.0,
CONCRETEDATA,clust,vns,1,2.0,0.3797,,,,20.0,
CONCRETEDATA,clust,vns,2,7.0,0.3361,,,,20.0,
CONCRETEDATA,clust,vns,3,5.0,0.3564,,,,20.0,
CONCRETEDATA,clust,vns,4,2.0,0.465,,,,20.0,
CONCRETEDATA,clust,vns,5,5.0,0.3372,,,,20.0,
CONCRETEDATA,clust,vns,6,4.0,0.3005,,,,20.0,
CONCRETEDATA,clust,vns,7,5.0,0.3582,,,,20.0,
CONCRETEDATA,clust,vns,8,2.0,0.3007,,,,20.0,
CONCRETEDATA,clust,vns,9,10.0,0.2678,,,,20.0,
CONCRETEDATA,clust,vns,10,3.0,0.4073,,,,20.0,
CONCRETEDATA,clust,vns,11,2.0,0.4786,,,,20.0,
CONCRETEDATA,clust,vns,12,5.0,0.3413,,,,20.0,
CONCRETEDATA,clust,vns,13,3.0,0.3994,,,,20.0,
CONCRETEDATA,clust,vns,14,3.0,0.3482,,,,20.0,
CONCRETEDATA,clust,vns,15,3.0,0.4198,,,,20.0,
CONCRETEDATA,clust,vns,16,2.0,0.4826,,,,20.0,
CONCRETEDATA,clust,vns,17,3.0,0.4072,,,,20.0,
CONCRETEDATA,clust,vns,18,5.0,0.2344980147118153,,-0.344818,62.6,20.0,0.0
CONCRETEDATA,clust,vns,19,3.0,0.4127722533082003,,-0.391955,50.93,20.0,0.0
DBLCA,clust,brkga,0,3.0,0.5270171392190653,,-0.518653,58.16,20.0,0.0
DBLCA,clust,brkga,1,2.0,0.388717335448662,,-0.50647,57.17,20.0,0.0
DBLCA,clust,brkga,2,1.0,,,-0.510081,59.73,20.0,0.0
DBLCA,clust,brkga,3,3.0,0.4858341290144305,,-0.485906,56.17,20.0,0.0
DBLCA,clust,brkga,4,3.0,0.5178437708696736,,-0.511197,52.63,20.0,0.0
DBLCA,clust,brkga,5,3.0,0.5177968191242669,,-0.512449,28.73,20.0,0.0
DBLCA,clust,brkga,6,3.0,0.515643892306193,,-0.514409,59.84,20.0,0.0
DBLCA,clust,brkga,7,2.0,0.3881562087041801,,-0.513525,29.6,20.0,0.0
DBLCA,clust,brkga,8,2.0,0.4004406455822855,,-0.529043,50.93,20.0,0.0
DBLCA,clust,brkga,9,3.0,0.5048782480109204,,-0.499649,59.13,20.0,0.0
DBLCA,clust,brkga,10,3.0,0.5320924594388401,,-0.524973,58.1,20.0,0.0
DBLCA,clust,brkga,11,2.0,0.3905846864859054,,-0.518914,58.6,20.0,0.0
DBLCA,clust,brkga,12,3.0,0.5241597650872545,,-0.520115,32.48,20.0,0.0
DBLCA,clust,brkga,13,3.0,0.3855686613303479,,-0.520086,31.29,20.0,0.0
DBLCA,clust,brkga,14,3.0,0.5102408555982789,,-0.507994,30.86,20.0,0.0
DBLCA,clust,brkga,15,2.0,0.3896320342894051,,-0.522294,48.96,20.0,0.0
DBLCA,clust,brkga,16,3.0,0.5097835707103482,,-0.506456,61.38,20.0,0.0
DBLCA,clust,brkga,17,1.0,,,-0.503536,27.95,20.0,0.0
DBLCA,clust,brkga,18,3.0,0.5328884700666277,,-0.523917,54.22,20.0,0.0
DBLCA,clust,brkga,19,3.0,0.5182212527192958,,-0.507966,61.05,20.0,0.0
DBLCA,clust,ils,0,2.0,0.3876883951548033,,-0.511666,40.79,20.0,0.0
DBLCA,clust,ils,1,3.0,0.5297352328144669,,-0.51545,22.74,20.0,0.0
DBLCA,clust,ils,2,1.0,,,-0.519786,38.76,20.0,0.0
DBLCA,clust,ils,3,3.0,0.3870470517432893,,-0.504529,53.18,20.0,0.0
DBLCA,clust,ils,4,2.0,0.3613643812378651,,-0.493349,57.72,20.0,0.0
DBLCA,clust,ils,5,3.0,0.5138623660100207,,-0.512292,48.81,20.0,0.0
DBLCA,clust,ils,6,3.0,0.3649995761787539,,-0.510093,14.76,20.0,0.0
DBLCA,clust,ils,7,2.0,0.3821620329967061,,-0.517772,60.84,20.0,0.0
DBLCA,clust,ils,8,3.0,0.5237886838458757,,-0.52206,52.58,20.0,0.0
DBLCA,clust,ils,9,3.0,0.5408916503748762,,-0.526804,55.25,20.0,0.0
DBLCA,clust,ils,10,2.0,0.3719953500061674,,-0.511989,36.29,20.0,0.0
DBLCA,clust,ils,11,3.0,0.5332803105916252,,-0.527622,10.68,20.0,0.0
DBLCA,clust,ils,12,4.0,0.304762922057249,,-0.501646,60.78,20.0,0.0
DBLCA,clust,ils,13,3.0,0.504867210839182,,-0.488683,43.5,20.0,0.0
DBLCA,clust,ils,14,3.0,0.5270437680974365,,-0.523196,45.1,20.0,0.0
DBLCA,clust,ils,15,4.0,0.3197349101213018,,-0.50453,45.63,20.0,0.0
DBLCA,clust,ils,16,2.0,0.2521896104550651,,-0.514895,22.49,20.0,0.0
DBLCA,clust,ils,17,3.0,0.5132236812926854,,-0.499868,56.65,20.0,0.0
DBLCA,clust,ils,18,3.0,0.5119659970741575,,-0.507703,52.11,20.0,0.0
DBLCA,clust,ils,19,3.0,0.5102096001709531,,-0.509783,61.91,20.0,0.0
DBLCA,clust,vns,0,3.0,0.5228229875492459,,-0.515822,23.49,20.0,0.0
DBLCA,clust,vns,1,2.0,0.3900302240913304,,-0.515822,39.09,20.0,0.0
DBLCA,clust,vns,2,3.0,0.5026725875960405,,-0.503337,58.95,20.0,0.0
DBLCA,clust,vns,3,1.0,,,-0.514408,46.33,20.0,0.0
DBLCA,clust,vns,4,3.0,0.5136066954836003,,-0.511022,50.79,20.0,0.0
DBLCA,clust,vns,5,3.0,0.5127710027770287,,-0.511741,54.09,20.0,0.0
DBLCA,clust,vns,6,2.0,0.401007449839579,,-0.52593,26.64,20.0,0.0
DBLCA,clust,vns,7,3.0,0.5107327056650731,,-0.495528,53.27,20.0,0.0
DBLCA,clust,vns,8,2.0,0.4084240035444687,,-0.527915,31.58,20.0,0.0
DBLCA,clust,vns,9,3.0,0.526139106751716,,-0.520546,58.39,20.0,0.0
DBLCA,clust,vns,10,2.0,0.3758661661808026,,-0.511494,25.83,20.0,0.0
DBLCA,clust,vns,11,3.0,0.5088083513432351,,-0.502987,56.07,20.0,0.0
DBLCA,clust,vns,12,1.0,,,-0.504439,22.3,20.0,0.0
DBLCA,clust,vns,13,3.0,0.5367952412923048,,-0.528505,38.61,20.0,0.0
DBLCA,clust,vns,14,3.0,0.524951606536382,,-0.52141,20.84,20.0,0.0
DBLCA,clust,vns,15,3.0,0.5376484735918127,,-0.530724,60.53,20.0,0.0
DBLCA,clust,vns,16,3.0,0.4989955729624171,,-0.498435,58.59,20.0,0.0
DBLCA,clust,vns,17,2.0,0.3946176027081916,,-0.518653,32.41,20.0,0.0
DBLCA,clust,vns,18,3.0,0.5000466171741895,,-0.49779,11.66,20.0,0.0
DBLCA,clust,vns,19,3.0,0.5062860111851306,,-0.504035,52.48,20.0,0.0
DOWJONES,clust,brkga,0,2.0,0.6365568073093232,,-0.622684,57.18,20.0,0.0
DOWJONES,clust,brkga,1,2.0,0.6649913086275279,,-0.616416,62.99,20.0,0.0
DOWJONES,clust,brkga,2,2.0,0.645700369957385,,-0.628183,13.89,20.0,0.0
DOWJONES,clust,brkga,3,2.0,0.60127650415271,,-0.677113,24.97,20.0,0.0
DOWJONES,clust,brkga,4,2.0,0.6021253765394746,,-0.675211,62.26,20.0,0.0
DOWJONES,clust,brkga,5,2.0,0.645700369957385,,-0.628183,30.9,20.0,0.0
DOWJONES,clust,brkga,6,2.0,0.632809335610005,,-0.626893,24.69,20.0,0.0
DOWJONES,clust,brkga,7,2.0,0.5831523854699883,,-0.658089,56.46,20.0,0.0
DOWJONES,clust,brkga,8,2.0,0.6458666486818736,,-0.628753,24.92,20.0,0.0
DOWJONES,clust,brkga,9,2.0,0.6315341045752579,,-0.625994,62.89,20.0,0.0
DOWJONES,clust,brkga,10,2.0,0.645700369957385,,-0.628183,16.68,20.0,0.0
DOWJONES,clust,brkga,11,2.0,0.6104266390377199,,-0.679607,26.9,20.0,0.0
DOWJONES,clust,brkga,12,3.0,0.5910954592541944,,-0.628874,33.41,20.0,0.0
DOWJONES,clust,brkga,13,2.0,0.6631621728558724,,-0.616181,23.6,20.0,0.0
DOWJONES,clust,brkga,14,2.0,0.641371661053611,,-0.62661,25.35,20.0,0.0
DOWJONES,clust,brkga,15,2.0,0.6197788179216154,,-0.621198,30.59,20.0,0.0
DOWJONES,clust,brkga,16,2.0,0.6349489035246159,,-0.626046,60.69,20.0,0.0
DOWJONES,clust,brkga,17,2.0,0.6463168752107119,,-0.629118,62.25,20.0,0.0
DOWJONES,clust,brkga,18,2.0,0.6349489035246159,,-0.626046,56.18,20.0,0.0
DOWJONES,clust,brkga,19,2.0,0.5871557045989102,,-0.663761,47.2,20.0,0.0
DOWJONES,clust,ils,0,2.0,0.6486680406194073,,-0.634714,17.7,20.0,0.0
DOWJONES,clust,ils,1,2.0,0.6651689447353165,,-0.627023,27.28,20.0,0.0
DOWJONES,clust,ils,2,2.0,0.6524474039741653,,-0.636016,53.96,20.0,0.0
DOWJONES,clust,ils,3,3.0,0.5982253193308165,,-0.637236,49.01,20.0,0.0
DOWJONES,clust,ils,4,2.0,0.6080120607124904,,-0.685627,63.64,20.0,0.0
DOWJONES,clust,ils,5,3.0,0.6115067269234435,,-0.645142,56.2,20.0,0.0
DOWJONES,clust,ils,6,2.0,0.5865555201085723,,-0.568192,55.59,20.0,0.0
DOWJONES,clust,ils,7,2.0,0.645700369957385,,-0.628183,0.96,20.0,0.0
DOWJONES,clust,ils,8,2.0,0.6220600685704853,,-0.697574,31.28,20.0,0.0
DOWJONES,clust,ils,9,2.0,0.6490744629990679,,-0.634266,55.89,20.0,0.0
DOWJONES,clust,ils,10,2.0,0.6534150233716061,,-0.638305,17.61,20.0,0.0
DOWJONES,clust,ils,11,3.0,0.343000966772043,,-0.477819,58.23,20.0,0.0
DOWJONES,clust,ils,12,3.0,0.5906708163460077,,-0.643553,52.67,20.0,0.0
DOWJONES,clust,ils,13,3.0,0.6444677604841965,,-0.613862,57.32,20.0,0.0
DOWJONES,clust,ils,14,2.0,0.6334811216671989,,-0.714849,25.32,20.0,0.0
DOWJONES,clust,ils,15,2.0,0.6231697646071882,,-0.704678,47.2,20.0,0.0
DOWJONES,clust,ils,16,2.0,0.5749853547895467,,-0.570243,40.32,20.0,0.0
DOWJONES,clust,ils,17,2.0,0.6493845119388136,,-0.637614,18.16,20.0,0.0
DOWJONES,clust,ils,18,2.0,0.5161493001442576,,-0.601671,46.23,20.0,0.0
DOWJONES,clust,ils,19,2.0,0.6142859773293368,,-0.688717,32.31,20.0,0.0
DOWJONES,clust,vns,0,3.0,0.5609141156129869,,-0.633006,53.65,20.0,0.0
DOWJONES,clust,vns,1,2.0,0.6564541401362152,,-0.609311,1.38,20.0,0.0
DOWJONES,clust,vns,2,2.0,0.6201881534486973,,-0.697405,46.87,20.0,0.0
DOWJONES,clust,vns,3,2.0,0.6486027419001634,,-0.631874,56.07,20.0,0.0
DOWJONES,clust,vns,4,5.0,0.3964009838285677,,-0.45661,32.66,20.0,0.0
DOWJONES,clust,vns,5,2.0,0.5538027400905972,,-0.634144,43.9,20.0,0.0
DOWJONES,clust,vns,6,2.0,0.649026482189789,,-0.636115,36.01,20.0,0.0
DOWJONES,clust,vns,7,2.0,0.6467835315998217,,-0.638043,20.0,20.0,0.0
DOWJONES,clust,vns,8,2.0,0.6128860338905747,,-0.691332,31.55,20.0,0.0
DOWJONES,clust,vns,9,3.0,0.6077094338687605,,-0.645852,62.63,20.0,0.0
DOWJONES,clust,vns,10,2.0,0.6035858815786346,,-0.679028,20.61,20.0,0.0
DOWJONES,clust,vns,11,3.0,0.5862915902484612,,-0.635057,45.33,20.0,0.0
DOWJONES,clust,vns,12,2.0,0.5585350376822836,,-0.546797,17.57,20.0,0.0
DOWJONES,clust,vns,13,3.0,0.5825460260197913,,-0.636809,48.23,20.0,0.0
DOWJONES,clust,vns,14,2.0,0.6504188780729525,,-0.64235,53.63,20.0,0.0
DOWJONES,clust,vns,15,2.0,0.645700369957385,,-0.628183,59.93,20.0,0.0
DOWJONES,clust,vns,16,2.0,0.6799304575099232,,-0.638049,57.98,20.0,0.0
DOWJONES,clust,vns,17,2.0,0.6567961543025338,,-0.610387,0.4,20.0,0.0
DOWJONES,clust,vns,18,2.0,0.6475299038286731,,-0.6369,57.27,20.0,0.0
DOWJONES,clust,vns,19,2.0,0.686024660313815,,-0.637902,47.73,20.0,0.0
ECOLI,classf,brkga,0,2.0,0.3869374411551503,0.0268337535375705,-0.649307,57.61,20.0,0.0
ECOLI,classf,brkga,1,2.0,0.38734589004417,0.0270390258391119,-0.643877,61.17,20.0,0.0
ECOLI,classf,brkga,2,2.0,0.3561811567055846,0.0304618217647376,-0.621151,57.73,20.0,0.0
ECOLI,classf,brkga,3,2.0,0.3523726075656553,0.0300346524490919,-0.61722,20.17,20.0,0.0
ECOLI,classf,brkga,4,2.0,0.3611895900073235,0.0313526485940887,-0.630875,52.83,20.0,0.0
ECOLI,classf,brkga,5,2.0,0.3854630540433121,0.0265252276876572,-0.647004,61.55,20.0,0.0
ECOLI,classf,brkga,6,2.0,0.3582149943381859,0.030604834187558,-0.62602,61.74,20.0,0.0
ECOLI,classf,brkga,7,2.0,0.354553367402241,0.0299265671212889,-0.616574,56.98,20.0,0.0
ECOLI,classf,brkga,8,2.0,0.3721621500333767,0.0327269733777867,-0.62942,23.46,20.0,0.0
ECOLI,classf,brkga,9,2.0,0.3919035705048376,0.0272056245183245,-0.646201,52.24,20.0,0.0
ECOLI,classf,brkga,10,2.0,0.3812950757194109,0.0260760167865046,-0.64176,61.42,20.0,0.0
ECOLI,classf,brkga,11,2.0,0.3534631863311996,0.0302166462111776,-0.617586,50.88,20.0,0.0
ECOLI,classf,brkga,12,2.0,0.3768693317975042,0.0255417005454455,-0.632885,57.55,20.0,0.0
ECOLI,classf,brkga,13,2.0,0.3611895900073235,0.0313526485940887,-0.630875,57.95,20.0,0.0
ECOLI,classf,brkga,14,4.0,0.4230163979953904,0.6612131437605353,-0.555719,53.71,20.0,0.0
ECOLI,classf,brkga,15,2.0,0.3609775386150282,0.0311430077536672,-0.62886,60.67,20.0,0.0
ECOLI,classf,brkga,16,2.0,0.3581479725960324,0.0301146381413886,-0.619719,60.09,20.0,0.0
ECOLI,classf,brkga,17,2.0,0.3592368163887816,0.0308469418795554,-0.621927,25.61,20.0,0.0
ECOLI,classf,brkga,18,2.0,0.3585623388085093,0.0303103304154476,-0.622181,53.18,20.0,0.0
ECOLI,classf,brkga,19,2.0,0.3854630540433121,0.0265252276876572,-0.647004,61.01,20.0,0.0
ECOLI,classf,ils,0,4.0,0.4254549258764888,0.6168313831279689,-0.557676,58.68,20.0,0.0
ECOLI,classf,ils,1,4.0,0.4160745092120425,0.5808029867635501,-0.543693,25.03,20.0,0.0
ECOLI,classf,ils,2,2.0,0.3768693317975042,0.0255417005454455,-0.632885,6.39,20.0,0.0
ECOLI,classf,ils,3,2.0,0.387274711333663,0.0272019184174109,-0.652972,56.11,20.0,0.0
ECOLI,classf,ils,4,2.0,0.3920947706444199,0.0280931580234507,-0.658962,25.04,20.0,0.0
ECOLI,classf,ils,5,4.0,0.4139689195412962,0.6839364617783317,-0.586907,19.31,20.0,0.0
ECOLI,classf,ils,6,2.0,0.3791954202370712,0.0257494523325531,-0.632564,6.88,20.0,0.0
ECOLI,classf,ils,7,4.0,0.4072049729781939,0.3897847224646761,-0.5615,57.41,20.0,0.0
ECOLI,classf,ils,8,4.0,0.4107475852299006,0.6973224067030724,-0.607318,37.49,20.0,0.0
ECOLI,classf,ils,9,3.0,0.5219177812877335,0.6272692900792066,-0.598784,56.56,20.0,0.0
ECOLI,classf,ils,10,4.0,0.4523996098107444,0.6605501014962347,-0.535711,17.66,20.0,0.0
ECOLI,classf,ils,11,5.0,0.4221890131961775,0.6581419168898935,-0.51222,49.51,20.0,0.0
ECOLI,classf,ils,12,3.0,0.5179205751337723,0.5827207288117598,-0.569302,33.83,20.0,0.0
ECOLI,classf,ils,13,2.0,0.3854630540433121,0.0265252276876572,-0.647004,34.6,20.0,0.0
ECOLI,classf,ils,14,2.0,0.4836558881172949,0.4017654915720326,-0.573217,43.89,20.0,0.0
ECOLI,classf,ils,15,2.0,0.3854630540433121,0.0265252276876572,-0.647004,61.79,20.0,0.0
ECOLI,classf,ils,16,4.0,0.448207432343067,0.7085657744516423,-0.599322,61.16,20.0,0.0
ECOLI,classf,ils,17,2.0,0.3925272423779771,0.0278020790391802,-0.654719,32.29,20.0,0.0
ECOLI,classf,ils,18,4.0,0.3817749679436886,0.6562415426611836,-0.568688,56.94,20.0,0.0
ECOLI,classf,ils,19,3.0,0.3880566729725594,0.4958112062825207,-0.490268,59.78,20.0,0.0
ECOLI,classf,vns,0,3.0,0.5503745167216206,0.680068472950579,-0.607792,60.31,20.0,0.0
ECOLI,classf,vns,1,4.0,0.4268349607703003,0.555305104133644,-0.526092,42.87,20.0,0.0
ECOLI,classf,vns,2,3.0,0.5101032174641529,0.6753372132683217,-0.582222,58.0,20.0,0.0
ECOLI,classf,vns,3,3.0,0.4607817035259733,0.5926902140819494,-0.532882,41.24,20.0,0.0
ECOLI,classf,vns,4,2.0,0.3700818752224501,0.0334384203820886,-0.645511,48.44,20.0,0.0
ECOLI,classf,vns,5,6.0,0.3705785353840294,0.4372344387663543,-0.506906,57.54,20.0,0.0
ECOLI,classf,vns,6,2.0,0.387274711333663,0.0272019184174109,-0.652972,44.26,20.0,0.0
ECOLI,classf,vns,7,4.0,0.3048840909811766,0.4071776438667763,-0.529658,55.84,20.0,0.0
ECOLI,classf,vns,8,4.0,0.392638072769168,0.6435893150505166,-0.567914,27.34,20.0,0.0
ECOLI,classf,vns,9,4.0,0.4318399017327816,0.66466595781732,-0.522783,42.27,20.0,0.0
ECOLI,classf,vns,10,5.0,0.2888602044128875,0.3781170375293008,-0.518051,43.09,20.0,0.0
ECOLI,classf,vns,11,4.0,0.4240355316101783,0.6858858194557308,-0.575071,59.57,20.0,0.0
ECOLI,classf,vns,12,2.0,0.3768693317975042,0.0255417005454455,-0.632885,10.6,20.0,0.0
ECOLI,classf,vns,13,3.0,0.4908253249197777,0.6608070501339348,-0.572394,61.77,20.0,0.0
ECOLI,classf,vns,14,2.0,0.3909526562886873,0.0279147879534075,-0.65865,54.31,20.0,0.0
ECOLI,classf,vns,15,3.0,0.5552411575275006,0.6743206717259921,-0.598809,28.9,20.0,0.0
ECOLI,classf,vns,16,3.0,0.5218356119224238,0.6632390100278102,-0.58632,35.4,20.0,0.0
ECOLI,classf,vns,17,4.0,0.4365120556640999,0.6400782910667817,-0.518838,58.5,20.0,0.0
ECOLI,classf,vns,18,3.0,0.5424686262122106,0.701289396097903,-0.606018,58.84,20.0,0.0
ECOLI,classf,vns,19,4.0,0.2415392074743716,0.3454199975235297,-0.497156,57.14,20.0,0.0
FACE,clust,brkga,0,4.0,0.5612125269930727,,-0.561605,59.8,20.0,0.0
FACE,clust,brkga,1,4.0,0.5518777059731099,,-0.551871,31.45,20.0,0.0
FACE,clust,brkga,2,4.0,0.546098876578433,,-0.546119,55.62,20.0,0.0
FACE,clust,brkga,3,5.0,0.524448070924656,,-0.525929,60.87,20.0,0.0
FACE,clust,brkga,4,4.0,0.5456741192982966,,-0.545792,58.9,20.0,0.0
FACE,clust,brkga,5,4.0,0.5499216219258546,,-0.549973,61.02,20.0,0.0
FACE,clust,brkga,6,5.0,0.5375790974419675,,-0.551485,30.22,20.0,0.0
FACE,clust,brkga,7,5.0,0.5343020272950042,,-0.550158,30.33,20.0,0.0
FACE,clust,brkga,8,4.0,0.5412395516708068,,-0.541185,61.37,20.0,0.0
FACE,clust,brkga,9,4.0,0.5453954736150104,,-0.545434,61.61,20.0,0.0
FACE,clust,brkga,10,4.0,0.5414336896013772,,-0.54176,56.66,20.0,0.0
FACE,clust,brkga,11,4.0,0.5447486860886156,,-0.545038,25.11,20.0,0.0
FACE,clust,brkga,12,4.0,0.5482236228107998,,-0.54823,33.55,20.0,0.0
FACE,clust,brkga,13,4.0,0.5390825695198687,,-0.53902,30.46,20.0,0.0
FACE,clust,brkga,14,4.0,0.5557203023165189,,-0.556006,57.22,20.0,0.0
FACE,clust,brkga,15,4.0,0.5542748624717562,,-0.554397,57.05,20.0,0.0
FACE,clust,brkga,16,4.0,0.5426226027015637,,-0.542863,25.72,20.0,0.0
FACE,clust,brkga,17,4.0,0.5531719993251611,,-0.553233,48.44,20.0,0.0
FACE,clust,brkga,18,4.0,0.5507069324434763,,-0.550816,32.28,20.0,0.0
FACE,clust,brkga,19,4.0,0.5492389253942161,,-0.549254,31.73,20.0,0.0
FACE,clust,ils,0,5.0,0.5436115128179458,,-0.543676,39.37,20.0,0.0
FACE,clust,ils,1,4.0,0.5287983273694297,,-0.528897,31.69,20.0,0.0
FACE,clust,ils,2,7.0,0.4772722090917283,,-0.52599,41.23,20.0,0.0
FACE,clust,ils,3,4.0,0.5451155625245482,,-0.546191,56.26,20.0,0.0
FACE,clust,ils,4,4.0,0.5579048995599455,,-0.557899,12.63,20.0,0.0
FACE,clust,ils,5,6.0,0.5581283166856994,,-0.558854,22.89,20.0,0.0
FACE,clust,ils,6,4.0,0.5591434270469191,,-0.559175,24.73,20.0,0.0
FACE,clust,ils,7,6.0,0.5470807519597851,,-0.548085,56.28,20.0,0.0
FACE,clust,ils,8,5.0,0.5411426870456565,,-0.54506,20.82,20.0,0.0
FACE,clust,ils,9,4.0,0.55816896295982,,-0.558208,52.09,20.0,0.0
FACE,clust,ils,10,12.0,0.4718789356476038,,-0.471884,53.15,20.0,0.0
FACE,clust,ils,11,4.0,0.5365025459800448,,-0.536867,44.67,20.0,0.0
FACE,clust,ils,12,5.0,0.5026577635672664,,-0.503922,56.0,20.0,0.0
FACE,clust,ils,13,4.0,0.5439676167404377,,-0.543973,61.38,20.0,0.0
FACE,clust,ils,14,4.0,0.5567972351534695,,-0.557101,45.31,20.0,0.0
FACE,clust,ils,15,4.0,0.5487253077058499,,-0.548837,28.78,20.0,0.0
FACE,clust,ils,16,4.0,0.5287983273694297,,-0.528897,9.59,20.0,0.0
FACE,clust,ils,17,4.0,0.5514283070290831,,-0.551341,54.71,20.0,0.0
FACE,clust,ils,18,6.0,0.5407806327081883,,-0.542321,17.26,20.0,0.0
FACE,clust,ils,19,4.0,0.5525823345634119,,-0.552887,35.58,20.0,0.0
FACE,clust,vns,0,7.0,0.3325886545797839,,-0.455104,39.85,20.0,0.0
FACE,clust,vns,1,6.0,0.5338016085646047,,-0.534617,55.04,20.0,0.0
FACE,clust,vns,2,4.0,0.5580929468766519,,-0.558232,21.23,20.0,0.0
FACE,clust,vns,3,5.0,0.5488090489658022,,-0.559865,52.72,20.0,0.0
FACE,clust,vns,4,5.0,0.5502512089593148,,-0.551438,42.79,20.0,0.0
FACE,clust,vns,5,6.0,0.4812027245447046,,-0.483848,50.68,20.0,0.0
FACE,clust,vns,6,6.0,0.5624907494793852,,-0.562916,45.02,20.0,0.0
FACE,clust,vns,7,5.0,0.5317477896119466,,-0.532469,33.42,20.0,0.0
FACE,clust,vns,8,5.0,0.5569421494075916,,-0.567862,55.21,20.0,0.0
FACE,clust,vns,9,6.0,0.550919785690847,,-0.552142,40.48,20.0,0.0
FACE,clust,vns,10,4.0,0.5559162472652118,,-0.555879,14.89,20.0,0.0
FACE,clust,vns,11,4.0,0.5308814399695351,,-0.530971,25.79,20.0,0.0
FACE,clust,vns,12,4.0,0.5630101540522008,,-0.563017,28.28,20.0,0.0
FACE,clust,vns,13,5.0,0.5390817598718324,,-0.54336,59.13,20.0,0.0
FACE,clust,vns,14,4.0,0.5520327895362027,,-0.554693,28.57,20.0,0.0
FACE,clust,vns,15,4.0,0.5632787701220503,,-0.563612,61.77,20.0,0.0
FACE,clust,vns,16,5.0,0.5336373241708489,,-0.537507,36.85,20.0,0.0
FACE,clust,vns,17,4.0,0.5535770741743169,,-0.553558,16.72,20.0,0.0
FACE,clust,vns,18,6.0,0.4993797761309118,,-0.511971,57.85,20.0,0.0
FACE,clust,vns,19,6.0,0.5625236902614568,,-0.563177,61.05,20.0,0.0
FLAME,classf,brkga,0,3.0,0.4146611590852482,0.5901958931248666,-0.410448,57.57,20.0,0.0
FLAME,classf,brkga,1,3.0,0.3955796611290793,0.6342846626245894,-0.408968,61.55,20.0,0.0
FLAME,classf,brkga,2,3.0,0.4362080815561054,0.6326754883384221,-0.442697,31.88,20.0,0.0
FLAME,classf,brkga,3,3.0,0.3905102811305889,0.5682692257123124,-0.401999,59.63,20.0,0.0
FLAME,classf,brkga,4,3.0,0.4004912437408428,0.6184492252809614,-0.412671,55.18,20.0,0.0
FLAME,classf,brkga,5,3.0,0.3861882912440251,0.5910999317978464,-0.399063,61.71,20.0,0.0
FLAME,classf,brkga,6,4.0,0.4169079097516954,0.4432294769490079,-0.419807,60.15,20.0,0.0
FLAME,classf,brkga,7,3.0,0.4426051500529128,0.6049320889252636,-0.429347,59.1,20.0,0.0
FLAME,classf,brkga,8,3.0,0.4055144630517913,0.6198327443152274,-0.417075,18.43,20.0,0.0
FLAME,classf,brkga,9,3.0,0.3968363665143589,0.5840170288889616,-0.406711,26.47,20.0,0.0
FLAME,classf,brkga,10,3.0,0.4261785675633646,0.5935750242050991,-0.419117,61.1,20.0,0.0
FLAME,classf,brkga,11,3.0,0.4601731369856685,0.6255377443842571,-0.447932,55.76,20.0,0.0
FLAME,classf,brkga,12,2.0,0.3862271103268503,0.4074461373911841,-0.392432,58.17,20.0,0.0
FLAME,classf,brkga,13,3.0,0.3917944479846385,0.6107264856125472,-0.408019,59.71,20.0,0.0
FLAME,classf,brkga,14,3.0,0.4464276650455029,0.618077505341728,-0.437159,48.95,20.0,0.0
FLAME,classf,brkga,15,3.0,0.3880558743355539,0.630317113234587,-0.406594,25.09,20.0,0.0
FLAME,classf,brkga,16,3.0,0.4028400138436068,0.5548687021028686,-0.409736,30.59,20.0,0.0
FLAME,classf,brkga,17,2.0,0.390314078647766,0.267107334955049,-0.423811,58.88,20.0,0.0
FLAME,classf,brkga,18,3.0,0.428782203003861,0.6076517728009969,-0.417752,57.26,20.0,0.0
FLAME,classf,brkga,19,3.0,0.4152930490706053,0.5499879402738805,-0.408118,26.99,20.0,0.0
FLAME,classf,ils,0,3.0,0.4140203345643909,0.621524403881452,-0.424212,60.13,20.0,0.0
FLAME,classf,ils,1,2.0,0.3754464465140824,0.3789527026355985,-0.435572,28.08,20.0,0.0
FLAME,classf,ils,2,2.0,0.3649627339438336,0.3832686698094824,-0.392942,61.83,20.0,0.0
FLAME,classf,ils,3,2.0,0.3304872071200594,0.8801182829168906,-0.408331,56.53,20.0,0.0
FLAME,classf,ils,4,3.0,0.3984936421531154,0.6083264599251572,-0.413115,56.11,20.0,0.0
FLAME,classf,ils,5,3.0,0.4388542311243958,0.6512211324250883,-0.447693,45.1,20.0,0.0
FLAME,classf,ils,6,2.0,0.3186653538885094,0.7585786513048176,-0.380186,17.79,20.0,0.0
FLAME,classf,ils,7,3.0,0.4368512913954295,0.656326548861927,-0.444476,58.54,20.0,0.0
FLAME,classf,ils,8,3.0,0.4746117179957176,0.628259745195916,-0.458976,50.79,20.0,0.0
FLAME,classf,ils,9,2.0,0.3753957881154032,0.435358318711416,-0.397268,50.26,20.0,0.0
FLAME,classf,ils,10,3.0,0.4250004480828297,0.5259545414418344,-0.463221,61.09,20.0,0.0
FLAME,classf,ils,11,3.0,0.4864540477593391,0.633599206003246,-0.46518,49.31,20.0,0.0
FLAME,classf,ils,12,3.0,0.4255124485382156,0.6438837235101158,-0.432239,19.9,20.0,0.0
FLAME,classf,ils,13,2.0,0.3915403970411592,0.4143755130594398,-0.402479,29.7,20.0,0.0
FLAME,classf,ils,14,2.0,0.3896130373759406,0.424675038408695,-0.421129,60.66,20.0,0.0
FLAME,classf,ils,15,3.0,0.4407822307498505,0.5950745562241276,-0.432677,62.18,20.0,0.0
FLAME,classf,ils,16,3.0,0.4231519572446556,0.6572584820922903,-0.426161,39.34,20.0,0.0
FLAME,classf,ils,17,3.0,0.4474386147119835,0.617455714412555,-0.438375,55.5,20.0,0.0
FLAME,classf,ils,18,3.0,0.4095938011867379,0.5695159541382316,-0.410711,56.58,20.0,0.0
FLAME,classf,ils,19,3.0,0.4390618216661185,0.6461339731899578,-0.43047,33.14,20.0,0.0
FLAME,classf,vns,0,1.0,,0.0,-0.393101,12.47,20.0,0.0
FLAME,classf,vns,1,3.0,0.48331926730936,0.6251074747688684,-0.461838,28.63,20.0,0.0
FLAME,classf,vns,2,3.0,0.4816838281083683,0.627227620686898,-0.466672,36.65,20.0,0.0
FLAME,classf,vns,3,4.0,0.4524436002961527,0.4015249191180448,-0.454529,50.42,20.0,0.0
FLAME,classf,vns,4,2.0,0.379802185560005,0.3964223024586929,-0.408712,39.22,20.0,0.0
FLAME,classf,vns,5,4.0,0.467421095333269,0.3527402439077389,-0.471951,61.6,20.0,0.0
FLAME,classf,vns,6,3.0,0.4391470919177069,0.6092751884292985,-0.4292,58.08,20.0,0.0
FLAME,classf,vns,7,3.0,0.3659992696550391,0.596349829994559,-0.383118,42.78,20.0,0.0
FLAME,classf,vns,8,2.0,0.406127498920765,0.2504467083271088,-0.445979,51.09,20.0,0.0
FLAME,classf,vns,9,2.0,0.2946916109855323,0.6730709635053171,-0.423199,31.27,20.0,0.0
FLAME,classf,vns,10,2.0,0.4074131175288761,0.3469801179759697,-0.375722,48.05,20.0,0.0
FLAME,classf,vns,11,3.0,0.4223766489406036,0.6329505964242541,-0.434556,58.76,20.0,0.0
FLAME,classf,vns,12,2.0,0.3845290346723947,0.4270035754296184,-0.420795,59.86,20.0,0.0
FLAME,classf,vns,13,3.0,0.4387094585789775,0.6422196784214136,-0.443889,18.79,20.0,0.0
FLAME,classf,vns,14,3.0,0.4692580737773394,0.6266916375481412,-0.456951,57.81,20.0,0.0
FLAME,classf,vns,15,2.0,0.3344348237155394,0.3851747800471214,-0.347964,0.82,20.0,0.0
FLAME,classf,vns,16,4.0,0.4376383331753273,0.4147428401123386,-0.439913,49.03,20.0,0.0
FLAME,classf,vns,17,2.0,0.3731645330258482,0.3929280204324641,-0.378382,48.41,20.0,0.0
FLAME,classf,vns,18,3.0,0.3825285590637636,0.5281148306767501,-0.389364,0.74,20.0,0.0
FLAME,classf,vns,19,4.0,0.4674068941195575,0.4263838206441367,-0.46966,61.81,20.0,0.0
FORESTFIRES,clust,brkga,0,2.0,0.5053745901632049,,-0.501471,51.3,20.0,0.0
FORESTFIRES,clust,brkga,1,2.0,0.5058128771183832,,-0.510765,60.11,20.0,0.0
FORESTFIRES,clust,brkga,2,2.0,0.5933491260388442,,-0.592023,43.87,20.0,0.0
FORESTFIRES,clust,brkga,3,2.0,0.5044007066112325,,-0.499998,50.26,20.0,0.0
FORESTFIRES,clust,brkga,4,2.0,0.5969450739257833,,-0.600914,60.47,20.0,0.0
FORESTFIRES,clust,brkga,5,2.0,0.5910829181302512,,-0.590008,26.74,20.0,0.0
FORESTFIRES,clust,brkga,6,2.0,0.5034180315598619,,-0.509443,54.47,20.0,0.0
FORESTFIRES,clust,brkga,7,2.0,0.5067836551007041,,-0.512126,25.38,20.0,0.0
FORESTFIRES,clust,brkga,8,2.0,0.5389568584938051,,-0.543019,59.52,20.0,0.0
FORESTFIRES,clust,brkga,9,2.0,0.4798717880949586,,-0.484153,49.15,20.0,0.0
FORESTFIRES,clust,brkga,10,2.0,0.5058128771183832,,-0.510765,27.36,20.0,0.0
FORESTFIRES,clust,brkga,11,2.0,0.5711484904849397,,-0.56946,45.74,20.0,0.0
FORESTFIRES,clust,brkga,12,2.0,0.4761724810357474,,-0.482347,61.12,20.0,0.0
FORESTFIRES,clust,brkga,13,2.0,0.4685399035483952,,-0.478539,57.31,20.0,0.0
FORESTFIRES,clust,brkga,14,2.0,0.5058128771183832,,-0.510765,17.03,20.0,0.0
FORESTFIRES,clust,brkga,15,2.0,0.4680379474487405,,-0.475338,58.56,20.0,0.0
FORESTFIRES,clust,brkga,16,2.0,0.5053745901632049,,-0.501471,62.59,20.0,0.0
FORESTFIRES,clust,brkga,17,2.0,0.5034180315598619,,-0.509443,56.04,20.0,0.0
FORESTFIRES,clust,brkga,18,2.0,0.5924329625288309,,-0.595859,26.53,20.0,0.0
FORESTFIRES,clust,brkga,19,2.0,0.5058128771183832,,-0.510765,52.74,20.0,0.0
FORESTFIRES,clust,ils,0,3.0,0.4537807899090237,,-0.454291,53.04,20.0,0.0
FORESTFIRES,clust,ils,1,3.0,0.4306967164107916,,-0.501976,34.17,20.0,0.0
FORESTFIRES,clust,ils,2,2.0,0.468327329142886,,-0.492307,63.25,20.0,0.0
FORESTFIRES,clust,ils,3,2.0,0.5978531638679122,,-0.601508,53.82,20.0,0.0
FORESTFIRES,clust,ils,4,2.0,0.5759401685084913,,-0.576565,11.91,20.0,0.0
FORESTFIRES,clust,ils,5,2.0,0.4876191925144179,,-0.489356,62.88,20.0,0.0
FORESTFIRES,clust,ils,6,2.0,0.5979880185801075,,-0.600749,62.9,20.0,0.0
FORESTFIRES,clust,ils,7,2.0,0.5806457202354017,,-0.585033,50.56,20.0,0.0
FORESTFIRES,clust,ils,8,2.0,0.5716262142941978,,-0.574297,54.37,20.0,0.0
FORESTFIRES,clust,ils,9,2.0,0.5861194011690337,,-0.59302,17.85,20.0,0.0
FORESTFIRES,clust,ils,10,2.0,0.4840699338398182,,-0.484938,32.14,20.0,0.0
FORESTFIRES,clust,ils,11,2.0,0.4616469622491997,,-0.476087,53.48,20.0,0.0
FORESTFIRES,clust,ils,12,2.0,0.6116234193081609,,-0.618991,45.78,20.0,0.0
FORESTFIRES,clust,ils,13,2.0,0.5832010873965383,,-0.589529,17.59,20.0,0.0
FORESTFIRES,clust,ils,14,3.0,0.4430263445625377,,-0.44667,63.02,20.0,0.0
FORESTFIRES,clust,ils,15,2.0,0.5940925659733608,,-0.592887,59.53,20.0,0.0
FORESTFIRES,clust,ils,16,2.0,0.4646772216537563,,-0.486302,61.05,20.0,0.0
FORESTFIRES,clust,ils,17,2.0,0.4583562523149435,,-0.474687,9.4,20.0,0.0
FORESTFIRES,clust,ils,18,3.0,0.4383373876989843,,-0.51064,61.87,20.0,0.0
FORESTFIRES,clust,ils,19,2.0,0.5996825892829022,,-0.604082,26.87,20.0,0.0
FORESTFIRES,clust,vns,0,2.0,0.6052190552312265,,-0.61141,28.92,20.0,0.0
FORESTFIRES,clust,vns,1,2.0,0.5741892010837752,,-0.578176,56.65,20.0,0.0
FORESTFIRES,clust,vns,2,2.0,0.5706941362262486,,-0.573703,12.58,20.0,0.0
FORESTFIRES,clust,vns,3,2.0,0.4670020403873701,,-0.486132,61.49,20.0,0.0
FORESTFIRES,clust,vns,4,2.0,0.4729434196901776,,-0.486355,35.56,20.0,0.0
FORESTFIRES,clust,vns,5,3.0,0.4127884068531492,,-0.502344,29.58,20.0,0.0
FORESTFIRES,clust,vns,6,2.0,0.5770061816312738,,-0.578672,52.69,20.0,0.0
FORESTFIRES,clust,vns,7,2.0,0.607744838259476,,-0.612822,49.09,20.0,0.0
FORESTFIRES,clust,vns,8,2.0,0.6026573913597197,,-0.606809,25.76,20.0,0.0
FORESTFIRES,clust,vns,9,2.0,0.5996101220841832,,-0.598585,30.6,20.0,0.0
FORESTFIRES,clust,vns,10,2.0,0.4995038514954639,,-0.489195,32.11,20.0,0.0
FORESTFIRES,clust,vns,11,2.0,0.6052190552312265,,-0.61141,31.06,20.0,0.0
FORESTFIRES,clust,vns,12,2.0,0.6094583660795597,,-0.615067,45.88,20.0,0.0
FORESTFIRES,clust,vns,13,2.0,0.4838319877062948,,-0.485341,47.32,20.0,0.0
FORESTFIRES,clust,vns,14,2.0,0.5379858982933995,,-0.540718,8.45,20.0,0.0
FORESTFIRES,clust,vns,15,2.0,0.5741892010837752,,-0.578176,22.03,20.0,0.0
FORESTFIRES,clust,vns,16,2.0,0.5270014271197773,,-0.525337,12.94,20.0,0.0
FORESTFIRES,clust,vns,17,4.0,0.3297630146523883,,-0.487022,30.98,20.0,0.0
FORESTFIRES,clust,vns,18,3.0,0.4271765319348907,,-0.491269,57.8,20.0,0.0
FORESTFIRES,clust,vns,19,2.0,0.4840004930126547,,-0.490338,28.85,20.0,0.0
GAMMA400,clust,brkga,0,2.0,0.5666465972487696,,-0.559332,36.87,20.0,0.0
GAMMA400,clust,brkga,1,2.0,0.590779554950422,,-0.579532,63.09,20.0,0.0
GAMMA400,clust,brkga,2,2.0,0.5795305754445196,,-0.579368,59.94,20.0,0.0
GAMMA400,clust,brkga,3,2.0,0.5868687743741082,,-0.603625,0.23,20.0,0.0
GAMMA400,clust,brkga,4,2.0,0.5924709804852543,,-0.588451,60.24,20.0,0.0
GAMMA400,clust,brkga,5,2.0,0.5994053564417341,,-0.597242,63.02,20.0,0.0
GAMMA400,clust,brkga,6,2.0,0.5755819457113718,,-0.575499,5.05,20.0,0.0
GAMMA400,clust,brkga,7,2.0,0.5948097172818094,,-0.589777,62.19,20.0,0.0
GAMMA400,clust,brkga,8,2.0,0.6132074924552763,,-0.593045,29.89,20.0,0.0
GAMMA400,clust,brkga,9,2.0,0.5777712964236318,,-0.582529,34.09,20.0,0.0
GAMMA400,clust,brkga,10,2.0,0.590986731027061,,-0.586042,54.64,20.0,0.0
GAMMA400,clust,brkga,11,3.0,0.5246304497160778,,-0.586912,61.99,20.0,0.0
GAMMA400,clust,brkga,12,2.0,0.5605896832158608,,-0.564434,61.86,20.0,0.0
GAMMA400,clust,brkga,13,2.0,0.5662474148731114,,-0.572347,58.05,20.0,0.0
GAMMA400,clust,brkga,14,2.0,0.5997827928274801,,-0.589343,27.08,20.0,0.0
GAMMA400,clust,brkga,15,2.0,0.5985482230388314,,-0.584761,58.67,20.0,0.0
GAMMA400,clust,brkga,16,2.0,0.5725253413220431,,-0.586034,48.75,20.0,0.0
GAMMA400,clust,brkga,17,2.0,0.5878642853402072,,-0.581676,55.81,20.0,0.0
GAMMA400,clust,brkga,18,2.0,0.594038087925794,,-0.590093,61.48,20.0,0.0
GAMMA400,clust,brkga,19,2.0,0.5970265682803244,,-0.593949,28.35,20.0,0.0
GAMMA400,clust,ils,0,2.0,0.5793063605894389,,-0.570006,60.32,20.0,0.0
GAMMA400,clust,ils,1,2.0,0.5695512999325001,,-0.582499,55.2,20.0,0.0
GAMMA400,clust,ils,2,2.0,0.6068419762624914,,-0.606861,8.55,20.0,0.0
GAMMA400,clust,ils,3,2.0,0.6217820192881576,,-0.623418,34.79,20.0,0.0
GAMMA400,clust,ils,4,2.0,0.5644803619400964,,-0.548444,0.54,20.0,0.0
GAMMA400,clust,ils,5,2.0,0.5948097172818094,,-0.589777,47.7,20.0,0.0
GAMMA400,clust,ils,6,2.0,0.6059908510929213,,-0.606071,24.45,20.0,0.0
GAMMA400,clust,ils,7,2.0,0.6122459704147502,,-0.61476,24.8,20.0,0.0
GAMMA400,clust,ils,8,2.0,0.5765696932328844,,-0.589362,29.43,20.0,0.0
GAMMA400,clust,ils,9,2.0,0.6081451917236776,,-0.607784,30.91,20.0,0.0
GAMMA400,clust,ils,10,2.0,0.5921546837699312,,-0.610606,60.39,20.0,0.0
GAMMA400,clust,ils,11,3.0,0.4615257746184734,,-0.463106,53.74,20.0,0.0
GAMMA400,clust,ils,12,2.0,0.5789346738274248,,-0.569831,9.22,20.0,0.0
GAMMA400,clust,ils,13,3.0,0.5509648900270464,,-0.602024,44.68,20.0,0.0
GAMMA400,clust,ils,14,2.0,0.5908079598741665,,-0.611964,24.43,20.0,0.0
GAMMA400,clust,ils,15,2.0,0.5971065816138714,,-0.59709,21.59,20.0,0.0
GAMMA400,clust,ils,16,2.0,0.591297409424876,,-0.575443,46.62,20.0,0.0
GAMMA400,clust,ils,17,3.0,0.4720995069183445,,-0.463498,49.84,20.0,0.0
GAMMA400,clust,ils,18,2.0,0.5921546837699312,,-0.610606,27.65,20.0,0.0
GAMMA400,clust,ils,19,2.0,0.5984424429837953,,-0.593235,32.44,20.0,0.0
GAMMA400,clust,vns,0,2.0,0.5939274520594,,-0.61477,58.66,20.0,0.0
GAMMA400,clust,vns,1,3.0,0.5367430999667195,,-0.593109,60.55,20.0,0.0
GAMMA400,clust,vns,2,2.0,0.6102873926257437,,-0.608769,59.73,20.0,0.0
GAMMA400,clust,vns,3,2.0,0.5868687743741082,,-0.603625,0.27,20.0,0.0
GAMMA400,clust,vns,4,2.0,0.5644803619400964,,-0.548444,0.38,20.0,0.0
GAMMA400,clust,vns,5,3.0,0.4718731721093735,,-0.467773,56.51,20.0,0.0
GAMMA400,clust,vns,6,2.0,0.5828570813847729,,-0.602332,48.64,20.0,0.0
GAMMA400,clust,vns,7,3.0,0.4759422174714686,,-0.475381,62.96,20.0,0.0
GAMMA400,clust,vns,8,5.0,0.3775611905132661,,-0.445937,56.45,20.0,0.0
GAMMA400,clust,vns,9,2.0,0.5993504519443809,,-0.624802,47.92,20.0,0.0
GAMMA400,clust,vns,10,2.0,0.5824948426789216,,-0.57161,37.58,20.0,0.0
GAMMA400,clust,vns,11,2.0,0.6195402628530156,,-0.618067,58.57,20.0,0.0
GAMMA400,clust,vns,12,2.0,0.5973451067375424,,-0.591831,23.18,20.0,0.0
GAMMA400,clust,vns,13,3.0,0.471585210966814,,-0.528055,28.37,20.0,0.0
GAMMA400,clust,vns,14,2.0,0.5878241850914203,,-0.586387,62.67,20.0,0.0
GAMMA400,clust,vns,15,2.0,0.5945256787902403,,-0.617825,36.13,20.0,0.0
GAMMA400,clust,vns,16,3.0,0.530079355489514,,-0.589215,42.07,20.0,0.0
GAMMA400,clust,vns,17,2.0,0.6030705657527887,,-0.602404,50.7,20.0,0.0
GAMMA400,clust,vns,18,2.0,0.5973451067375424,,-0.591831,38.79,20.0,0.0
GAMMA400,clust,vns,19,2.0,0.5976663098397226,,-0.622844,34.29,20.0,0.0
GAUSS9,clust,brkga,0,10.0,0.315,,,,20.0,
GAUSS9,clust,brkga,1,4.0,0.3099,,,,20.0,
GAUSS9,clust,brkga,2,8.0,0.2464,,,,20.0,
GAUSS9,clust,brkga,3,4.0,0.3198,,,,20.0,
GAUSS9,clust,brkga,4,4.0,0.3213,,,,20.0,
GAUSS9,clust,brkga,5,11.0,0.2641,,,,20.0,
GAUSS9,clust,brkga,6,7.0,0.245,,,,20.0,
GAUSS9,clust,brkga,7,4.0,0.3118,,,,20.0,
GAUSS9,clust,brkga,8,4.0,0.3346,,,,20.0,
GAUSS9,clust,brkga,9,6.0,0.2799,,,,20.0,
GAUSS9,clust,brkga,10,2.0,0.3189,,,,20.0,
GAUSS9,clust,brkga,11,10.0,0.3334,,,,20.0,
GAUSS9,clust,brkga,12,9.0,0.3086,,,,20.0,
GAUSS9,clust,brkga,13,4.0,0.3185,,,,20.0,
GAUSS9,clust,brkga,14,7.0,0.2483,,,,20.0,
GAUSS9,clust,brkga,15,4.0,0.3228,,,,20.0,
GAUSS9,clust,brkga,16,5.0,0.2549743387735364,,-0.322424,21.74,20.0,0.0
GAUSS9,clust,brkga,17,4.0,0.3245102302529633,,-0.32561,51.23,20.0,0.0
GAUSS9,clust,brkga,18,6.0,0.3352103611308431,,-0.328591,33.71,20.0,0.0
GAUSS9,clust,brkga,19,4.0,0.3362095640677337,,-0.346742,19.02,20.0,0.0
GAUSS9,clust,ils,0,6.0,0.1967892616174053,,-0.351605,51.21,20.0,0.0
GAUSS9,clust,ils,1,3.0,0.3522111482203862,,-0.352345,27.79,20.0,0.0
GAUSS9,clust,ils,2,5.0,0.2469323106235953,,-0.289445,34.11,20.0,0.0
GAUSS9,clust,ils,3,4.0,0.3357852264165,,-0.336636,51.09,20.0,0.0
GAUSS9,clust,ils,4,7.0,0.3944237986084524,,-0.398608,57.08,20.0,0.0
GAUSS9,clust,ils,5,8.0,0.2123490538483019,,-0.358738,37.16,20.0,0.0
GAUSS9,clust,ils,6,4.0,0.3504898601218777,,-0.356125,48.29,20.0,0.0
GAUSS9,clust,ils,7,8.0,0.3246836887322852,,-0.338569,61.31,20.0,0.0
GAUSS9,clust,ils,8,5.0,0.3428902917454489,,-0.340015,60.99,20.0,0.0
GAUSS9,clust,ils,9,2.0,0.3225038374628638,,-0.329781,40.25,20.0,0.0
GAUSS9,clust,ils,10,8.0,0.338369624581528,,-0.340329,60.25,20.0,0.0
GAUSS9,clust,ils,11,3.0,0.365977863595965,,-0.364863,40.34,20.0,0.0
GAUSS9,clust,ils,12,4.0,0.3336831392169938,,-0.333928,60.18,20.0,0.0
GAUSS9,clust,ils,13,9.0,0.3229058600801041,,-0.339936,58.38,20.0,0.0
GAUSS9,clust,ils,14,10.0,0.2304657515917296,,-0.311796,55.17,20.0,0.0
GAUSS9,clust,ils,15,4.0,0.2282538604744289,,-0.309295,41.27,20.0,0.0
GAUSS9,clust,ils,16,3.0,0.3575060281069783,,-0.361902,56.57,20.0,0.0
GAUSS9,clust,ils,17,9.0,0.2773819412835587,,-0.320599,61.04,20.0,0.0
GAUSS9,clust,ils,18,7.0,0.2303044990322657,,-0.355976,49.5,20.0,0.0
GAUSS9,clust,ils,19,9.0,0.390389434742633,,-0.389543,52.28,20.0,0.0
GAUSS9,clust,vns,0,4.0,0.3284083313670665,,-0.329218,31.48,20.0,0.0
GAUSS9,clust,vns,1,11.0,0.258947806846643,,-0.360716,34.03,20.0,0.0
GAUSS9,clust,vns,2,11.0,0.3312613365754302,,-0.363433,50.16,20.0,0.0
GAUSS9,clust,vns,3,6.0,0.3179411655603593,,-0.327737,60.97,20.0,0.0
GAUSS9,clust,vns,4,8.0,0.2612098086189698,,-0.376797,18.73,20.0,0.0
GAUSS9,clust,vns,5,7.0,0.3429308624590456,,-0.345689,63.41,20.0,0.0
GAUSS9,clust,vns,6,10.0,0.3359526299525643,,-0.354066,61.5,20.0,0.0
GAUSS9,clust,vns,7,7.0,0.34716264707071,,-0.345431,39.51,20.0,0.0
GAUSS9,clust,vns,8,4.0,0.2584255324775876,,-0.365564,54.35,20.0,0.0
GAUSS9,clust,vns,9,6.0,0.2171893492934447,,-0.361966,41.74,20.0,0.0
GAUSS9,clust,vns,10,8.0,0.2651575910880887,,-0.37781,46.91,20.0,0.0
GAUSS9,clust,vns,11,6.0,0.2862700207884301,,-0.32885,39.14,20.0,0.0
GAUSS9,clust,vns,12,5.0,0.1921430806449447,,-0.351306,58.18,20.0,0.0
GAUSS9,clust,vns,13,2.0,0.3235507967947753,,-0.330306,27.47,20.0,0.0
GAUSS9,clust,vns,14,2.0,0.3220694648485495,,-0.331872,37.91,20.0,0.0
GAUSS9,clust,vns,15,7.0,0.369585868290524,,-0.370799,63.53,20.0,0.0
GAUSS9,clust,vns,16,2.0,0.325258388401628,,-0.330481,39.75,20.0,0.0
GAUSS9,clust,vns,17,7.0,0.3675515798318155,,-0.370718,63.83,20.0,0.0
GAUSS9,clust,vns,18,9.0,0.396880373780375,,-0.396442,43.66,20.0,0.0
GAUSS9,clust,vns,19,6.0,0.2780190442975145,,-0.328093,15.49,20.0,0.0
GLASS,classf,brkga,0,2.0,0.5932283274651236,-0.0111109889725426,-0.647004,47.43,20.0,0.0
GLASS,classf,brkga,1,3.0,0.6540330404820526,0.2218557536341554,-0.660373,25.07,20.0,0.0
GLASS,classf,brkga,2,2.0,0.5943656139134299,0.2168315729893019,-0.637524,55.64,20.0,0.0
GLASS,classf,brkga,3,2.0,0.6040865343553554,-0.0118446574760982,-0.644514,26.02,20.0,0.0
GLASS,classf,brkga,4,2.0,0.5990521136294077,-0.0107650316644393,-0.655164,47.17,20.0,0.0
GLASS,classf,brkga,5,3.0,0.6594702323281971,0.2125987720143627,-0.661889,21.63,20.0,0.0
GLASS,classf,brkga,6,2.0,0.6058117697969811,-0.0108829520482899,-0.653164,33.46,20.0,0.0
GLASS,classf,brkga,7,3.0,0.6713949131736108,0.1868161121427108,-0.652243,18.65,20.0,0.0
GLASS,classf,brkga,8,3.0,0.6764457278204714,0.1758623238004005,-0.64302,31.1,20.0,0.0
GLASS,classf,brkga,9,2.0,0.5946218388591394,0.1828787211689883,-0.645787,22.94,20.0,0.0
GLASS,classf,brkga,10,3.0,0.6520258684705559,0.2079715881752595,-0.659809,28.28,20.0,0.0
GLASS,classf,brkga,11,3.0,0.6547707517806606,0.2071512000704915,-0.638448,62.06,20.0,0.0
GLASS,classf,brkga,12,2.0,0.6292800989106558,0.1799549308324456,-0.641112,24.22,20.0,0.0
GLASS,classf,brkga,13,3.0,0.6473705367143464,0.2042215036032589,-0.656795,31.08,20.0,0.0
GLASS,classf,brkga,14,3.0,0.6740978234608065,0.2041284448553217,-0.665544,59.37,20.0,0.0
GLASS,classf,brkga,15,2.0,0.6177185083453997,-0.0105747471780488,-0.670386,33.31,20.0,0.0
GLASS,classf,brkga,16,3.0,0.6618105603378532,0.184445413236302,-0.6536,62.16,20.0,0.0
GLASS,classf,brkga,17,3.0,0.6618105603378532,0.184445413236302,-0.6536,20.94,20.0,0.0
GLASS,classf,brkga,18,2.0,0.5989163914087046,0.1902064526887467,-0.64032,58.76,20.0,0.0
GLASS,classf,brkga,19,2.0,0.6589284770666402,0.1891606489348147,-0.651488,59.46,20.0,0.0
GLASS,classf,ils,0,2.0,0.6466279351472533,0.1967178414978888,-0.664481,49.52,20.0,0.0
GLASS,classf,ils,1,2.0,0.5900324673967616,0.2015710675184722,-0.647181,48.13,20.0,0.0
GLASS,classf,ils,2,3.0,0.6714599547783279,0.1807042627763086,-0.667771,61.21,20.0,0.0
GLASS,classf,ils,3,3.0,0.6691394434175902,0.1585646780153914,-0.657773,49.05,20.0,0.0
GLASS,classf,ils,4,2.0,0.6244136872207313,-0.0113072831504882,-0.671763,22.27,20.0,0.0
GLASS,classf,ils,5,2.0,0.6329098982300895,0.1625969664649164,-0.653502,36.02,20.0,0.0
GLASS,classf,ils,6,3.0,0.6734332527112123,0.1984642276052392,-0.665963,33.06,20.0,0.0
GLASS,classf,ils,7,4.0,0.5124735972726318,0.2475387380953674,-0.62548,11.98,20.0,0.0
GLASS,classf,ils,8,2.0,0.634207388278538,0.1770153072459364,-0.660468,51.03,20.0,0.0
GLASS,classf,ils,9,3.0,0.6740978234608065,0.2041284448553217,-0.665544,55.97,20.0,0.0
GLASS,classf,ils,10,2.0,0.6552569092750403,0.1600482402920127,-0.648042,55.55,20.0,0.0
GLASS,classf,ils,11,3.0,0.5807767281657673,0.2377549797712962,-0.641349,39.53,20.0,0.0
GLASS,classf,ils,12,3.0,0.5746657672215739,0.263218059976754,-0.632502,58.6,20.0,0.0
GLASS,classf,ils,13,3.0,0.7054781006090229,0.1954410635991142,-0.689363,50.79,20.0,0.0
GLASS,classf,ils,14,3.0,0.6164899332290303,0.2274105524696951,-0.64319,61.1,20.0,0.0
GLASS,classf,ils,15,3.0,0.6833064150351157,0.1686333085218748,-0.652027,52.57,20.0,0.0
GLASS,classf,ils,16,2.0,0.6421841296193963,0.1872399051688682,-0.631517,9.51,20.0,0.0
GLASS,classf,ils,17,3.0,0.6446425692438773,0.2471340099690098,-0.66493,30.61,20.0,0.0
GLASS,classf,ils,18,2.0,0.6885540190979385,0.126385939401962,-0.664878,26.36,20.0,0.0
GLASS,classf,ils,19,3.0,0.5654558598072941,0.263624776144263,-0.636146,56.65,20.0,0.0
GLASS,classf,vns,0,3.0,0.6595325124498455,0.2033937635911255,-0.663001,61.6,20.0,0.0
GLASS,classf,vns,1,3.0,0.6691394434175902,0.1585646780153914,-0.657773,38.12,20.0,0.0
GLASS,classf,vns,2,3.0,0.6732763409363671,0.1738906062414911,-0.658913,39.29,20.0,0.0
GLASS,classf,vns,3,3.0,0.6593864087935631,0.2213553592050061,-0.651486,49.32,20.0,0.0
GLASS,classf,vns,4,3.0,0.6721118475992035,0.1867605344188374,-0.667059,58.16,20.0,0.0
GLASS,classf,vns,5,3.0,0.6410180352756464,0.2145964678363917,-0.650956,59.07,20.0,0.0
GLASS,classf,vns,6,2.0,0.6094392072899768,0.1874685951923739,-0.653976,57.79,20.0,0.0
GLASS,classf,vns,7,3.0,0.6757587290250536,0.1820439960325366,-0.668527,50.07,20.0,0.0
GLASS,classf,vns,8,2.0,0.6120981620778483,0.1967168344662075,-0.660373,58.06,20.0,0.0
GLASS,classf,vns,9,2.0,0.6378598901240338,0.1824310077742991,-0.654521,28.02,20.0,0.0
GLASS,classf,vns,10,2.0,0.5970339516221479,0.2037213646825598,-0.653454,38.31,20.0,0.0
GLASS,classf,vns,11,3.0,0.5231168724772834,0.2220016597674715,-0.641267,28.75,20.0,0.0
GLASS,classf,vns,12,3.0,0.6356684820301335,0.2368139818329952,-0.650113,42.49,20.0,0.0
GLASS,classf,vns,13,3.0,0.663986889808761,0.1690484376221421,-0.647217,56.14,20.0,0.0
GLASS,classf,vns,14,3.0,0.6705939024103703,0.1744994549607839,-0.667941,19.99,20.0,0.0
GLASS,classf,vns,15,2.0,0.6420766273094808,0.1836346441796204,-0.665963,61.45,20.0,0.0
GLASS,classf,vns,16,3.0,0.65788265706365,0.2015206181007769,-0.66195,48.62,20.0,0.0
GLASS,classf,vns,17,3.0,0.6866599711133295,0.1786834532170188,-0.675788,39.84,20.0,0.0
GLASS,classf,vns,18,2.0,0.4915815524019505,0.1914443787296285,-0.647341,52.31,20.0,0.0
GLASS,classf,vns,19,2.0,0.6520521373760373,0.152917721860014,-0.645372,20.11,20.0,0.0
HABERMAN,classf,brkga,0,2.0,0.5935515402726064,0.0363369252873871,-0.600623,57.91,20.0,0.0
HABERMAN,classf,brkga,1,2.0,0.6122519330638109,0.0399835067841897,-0.624299,32.33,20.0,0.0
HABERMAN,classf,brkga,2,2.0,0.6006628805035935,0.0367307347667924,-0.605902,61.73,20.0,0.0
HABERMAN,classf,brkga,3,2.0,0.541315754731391,0.0840870021454892,-0.549331,55.0,20.0,0.0
HABERMAN,classf,brkga,4,2.0,0.5501846197552644,0.0381774604954273,-0.555707,55.66,20.0,0.0
HABERMAN,classf,brkga,5,2.0,0.6017448781831229,0.03707936545304,-0.610855,61.51,20.0,0.0
HABERMAN,classf,brkga,6,2.0,0.5940259580631846,0.0318077230929747,-0.603118,58.07,20.0,0.0
HABERMAN,classf,brkga,7,2.0,0.5900961969055621,0.0365073188522835,-0.595879,22.95,20.0,0.0
HABERMAN,classf,brkga,8,2.0,0.5938220247827496,0.036905558230051,-0.595892,28.7,20.0,0.0
HABERMAN,classf,brkga,9,2.0,0.5904882460327349,0.0312482615436685,-0.603035,59.81,20.0,0.0
HABERMAN,classf,brkga,10,2.0,0.554878379625499,0.0329678520674558,-0.573164,31.15,20.0,0.0
HABERMAN,classf,brkga,11,2.0,0.5987334345964784,0.0359931760882594,-0.605881,53.29,20.0,0.0
HABERMAN,classf,brkga,12,2.0,0.6003294751148222,0.0329678520674558,-0.616121,31.44,20.0,0.0
HABERMAN,classf,brkga,13,2.0,0.5929286885621342,0.03707936545304,-0.59589,47.49,20.0,0.0
HABERMAN,classf,brkga,14,2.0,0.6017448781831229,0.03707936545304,-0.610855,61.51,20.0,0.0
HABERMAN,classf,brkga,15,2.0,0.6038993973470246,0.0367307347667924,-0.611107,55.49,20.0,0.0
HABERMAN,classf,brkga,16,2.0,0.554411706680591,0.0644524594054139,-0.571986,61.56,20.0,0.0
HABERMAN,classf,brkga,17,2.0,0.6105758369495472,0.0388106298201038,-0.620359,59.32,20.0,0.0
HABERMAN,classf,brkga,18,2.0,0.5910681700019993,0.0363369252873871,-0.595884,45.91,20.0,0.0
HABERMAN,classf,brkga,19,2.0,0.5706850044912603,0.0319398865806503,-0.576942,51.31,20.0,0.0
HABERMAN,classf,ils,0,2.0,0.549097523458726,0.0383912018329426,-0.555722,51.74,20.0,0.0
HABERMAN,classf,ils,1,2.0,0.5924291760767652,0.0350085375314945,-0.6017,18.82,20.0,0.0
HABERMAN,classf,ils,2,2.0,0.592144733618031,0.0361655468870348,-0.596083,28.26,20.0,0.0
HABERMAN,classf,ils,3,2.0,0.5716489900146352,0.0716319769415156,-0.583117,55.22,20.0,0.0
HABERMAN,classf,ils,4,2.0,0.6047293059086829,0.0376680959350929,-0.610915,18.48,20.0,0.0
HABERMAN,classf,ils,5,2.0,0.5365170763026863,0.0620906860453207,-0.544563,24.67,20.0,0.0
HABERMAN,classf,ils,6,2.0,0.5519742558613732,0.0323851269959568,-0.560478,56.3,20.0,0.0
HABERMAN,classf,ils,7,4.0,0.3645778015185134,0.0302269506374465,-0.451893,45.36,20.0,0.0
HABERMAN,classf,ils,8,2.0,0.5985508277541454,0.0219878346171263,-0.625527,38.51,20.0,0.0
HABERMAN,classf,ils,9,2.0,0.6017448781831229,0.03707936545304,-0.610855,59.37,20.0,0.0
HABERMAN,classf,ils,10,2.0,0.6135714496478025,0.0286670457993753,-0.64637,26.24,20.0,0.0
HABERMAN,classf,ils,11,2.0,0.5616639704342677,0.0203778141771555,-0.567922,51.98,20.0,0.0
HABERMAN,classf,ils,12,3.0,0.2909028422687017,-0.0011631999971411,-0.447792,42.99,20.0,0.0
HABERMAN,classf,ils,13,3.0,0.1108245379857728,-0.0438915116132811,-0.416545,57.89,20.0,0.0
HABERMAN,classf,ils,14,2.0,0.5472507345755443,0.0223633734442829,-0.547044,31.9,20.0,0.0
HABERMAN,classf,ils,15,2.0,0.6330934280012676,0.039915212034739,-0.646399,56.13,20.0,0.0
HABERMAN,classf,ils,16,2.0,0.6340407350445901,0.0409626680788625,-0.646203,54.78,20.0,0.0
HABERMAN,classf,ils,17,2.0,0.6141276018599904,0.0360298649764433,-0.624278,61.92,20.0,0.0
HABERMAN,classf,ils,18,2.0,0.592144733618031,0.0361655468870348,-0.596083,12.49,20.0,0.0
HABERMAN,classf,ils,19,4.0,0.2950540132734444,0.0306111195203095,-0.391823,51.91,20.0,0.0
HABERMAN,classf,vns,0,2.0,0.529584406875948,0.0173429494175406,-0.53432,30.04,20.0,0.0
HABERMAN,classf,vns,1,2.0,0.5752264973125321,0.0207885907347776,-0.585917,39.77,20.0,0.0
HABERMAN,classf,vns,2,2.0,0.6038993973470246,0.0367307347667924,-0.611107,21.99,20.0,0.0
HABERMAN,classf,vns,3,2.0,0.611740581743161,0.0386328842341053,-0.620616,60.32,20.0,0.0
HABERMAN,classf,vns,4,2.0,0.6016184278564777,0.032580392228935,-0.612843,61.24,20.0,0.0
HABERMAN,classf,vns,5,2.0,0.5622311931466386,0.0680541536956936,-0.572995,20.84,20.0,0.0
HABERMAN,classf,vns,6,2.0,0.5893586586288017,0.0215401711222049,-0.609106,31.63,20.0,0.0
HABERMAN,classf,vns,7,2.0,0.5404679556264079,0.0175176447029588,-0.544372,60.71,20.0,0.0
HABERMAN,classf,vns,8,2.0,0.592144733618031,0.0361655468870348,-0.596083,19.99,20.0,0.0
HABERMAN,classf,vns,9,2.0,0.5998476345925768,0.0358198052722234,-0.606099,39.51,20.0,0.0
HABERMAN,classf,vns,10,2.0,0.5717842172108775,0.0215808431369517,-0.590851,34.86,20.0,0.0
HABERMAN,classf,vns,11,2.0,0.5472507345755443,0.0223633734442829,-0.547044,48.31,20.0,0.0
HABERMAN,classf,vns,12,2.0,0.5900961969055621,0.0365073188522835,-0.595879,9.62,20.0,0.0
HABERMAN,classf,vns,13,3.0,0.4283623686454976,0.0624052494626088,-0.428089,17.59,20.0,0.0
HABERMAN,classf,vns,14,2.0,0.5573300674887164,0.0236371196603874,-0.567169,16.34,20.0,0.0
HABERMAN,classf,vns,15,2.0,0.5892571174764671,0.0780668566570451,-0.601479,54.15,20.0,0.0
HABERMAN,classf,vns,16,2.0,0.5443990089704948,0.0213275516873517,-0.547033,17.93,20.0,0.0
HABERMAN,classf,vns,17,2.0,0.592144733618031,0.0361655468870348,-0.596083,35.42,20.0,0.0
HABERMAN,classf,vns,18,2.0,0.6631778273438034,0.0453084523662809,-0.683185,41.29,20.0,0.0
HABERMAN,classf,vns,19,2.0,0.6038993973470246,0.0367307347667924,-0.611107,13.78,20.0,0.0
HAYES-ROTH,clust,brkga,0,3.0,0.3699480606301319,,-0.476165,55.34,20.0,0.0
HAYES-ROTH,clust,brkga,1,2.0,0.5307261177312628,,-0.476174,25.86,20.0,0.0
HAYES-ROTH,clust,brkga,2,3.0,0.3381473536549722,,-0.478576,46.25,20.0,0.0
HAYES-ROTH,clust,brkga,3,2.0,0.5385754173730248,,-0.503198,58.92,20.0,0.0
HAYES-ROTH,clust,brkga,4,2.0,0.1983820986551632,,-0.501333,26.93,20.0,0.0
HAYES-ROTH,clust,brkga,5,1.0,,,-0.496598,59.69,20.0,0.0
HAYES-ROTH,clust,brkga,6,2.0,0.541929742550658,,-0.491258,56.22,20.0,0.0
HAYES-ROTH,clust,brkga,7,1.0,,,-0.498006,48.53,20.0,0.0
HAYES-ROTH,clust,brkga,8,2.0,0.5413151614122529,,-0.486321,55.17,20.0,0.0
HAYES-ROTH,clust,brkga,9,3.0,0.3572200421300849,,-0.503198,31.21,20.0,0.0
HAYES-ROTH,clust,brkga,10,3.0,0.3256141157307444,,-0.500705,26.22,20.0,0.0
HAYES-ROTH,clust,brkga,11,2.0,0.5364263268680368,,-0.482929,57.11,20.0,0.0
HAYES-ROTH,clust,brkga,12,1.0,,,-0.486839,54.38,20.0,0.0
HAYES-ROTH,clust,brkga,13,1.0,,,-0.485766,28.41,20.0,0.0
HAYES-ROTH,clust,brkga,14,3.0,0.347175671968995,,-0.489044,51.98,20.0,0.0
HAYES-ROTH,clust,brkga,15,2.0,0.5600884694777349,,-0.499803,51.19,20.0,0.0
HAYES-ROTH,clust,brkga,16,1.0,,,-0.473877,59.74,20.0,0.0
HAYES-ROTH,clust,brkga,17,1.0,,,-0.500661,33.6,20.0,0.0
HAYES-ROTH,clust,brkga,18,1.0,,,-0.478452,61.97,20.0,0.0
HAYES-ROTH,clust,brkga,19,1.0,,,-0.481065,61.86,20.0,0.0
HAYES-ROTH,clust,ils,0,3.0,0.3758214781727815,,-0.504939,61.09,20.0,0.0
HAYES-ROTH,clust,ils,1,3.0,0.357953823773616,,-0.518237,53.1,20.0,0.0
HAYES-ROTH,clust,ils,2,3.0,0.375146174684921,,-0.524633,51.41,20.0,0.0
HAYES-ROTH,clust,ils,3,1.0,,,-0.500039,58.58,20.0,0.0
HAYES-ROTH,clust,ils,4,1.0,,,-0.490467,48.85,20.0,0.0
HAYES-ROTH,clust,ils,5,3.0,0.3400113711670379,,-0.476271,60.15,20.0,0.0
HAYES-ROTH,clust,ils,6,2.0,0.5706913036084361,,-0.518237,34.54,20.0,0.0
HAYES-ROTH,clust,ils,7,3.0,0.3359117754312059,,-0.480857,54.71,20.0,0.0
HAYES-ROTH,clust,ils,8,2.0,0.5633078185201018,,-0.504207,47.48,20.0,0.0
HAYES-ROTH,clust,ils,9,2.0,0.5801203562993348,,-0.501249,59.6,20.0,0.0
HAYES-ROTH,clust,ils,10,2.0,0.5545979621743047,,-0.48759,35.69,20.0,0.0
HAYES-ROTH,clust,ils,11,3.0,0.3582225984023879,,-0.503535,58.2,20.0,0.0
HAYES-ROTH,clust,ils,12,2.0,0.574612147608212,,-0.505499,15.03,20.0,0.0
HAYES-ROTH,clust,ils,13,2.0,0.4947808570184657,,-0.469807,61.49,20.0,0.0
HAYES-ROTH,clust,ils,14,2.0,0.18883014934249,,-0.499832,42.08,20.0,0.0
HAYES-ROTH,clust,ils,15,1.0,,,-0.503969,2.34,20.0,0.0
HAYES-ROTH,clust,ils,16,1.0,,,-0.490702,53.75,20.0,0.0
HAYES-ROTH,clust,ils,17,3.0,0.4341791086917128,,-0.436109,16.51,20.0,0.0
HAYES-ROTH,clust,ils,18,1.0,,,-0.508061,52.23,20.0,0.0
HAYES-ROTH,clust,ils,19,2.0,0.5558464995926188,,-0.490702,61.07,20.0,0.0
HAYES-ROTH,clust,vns,0,3.0,0.3500338270244165,,-0.496868,48.21,20.0,0.0
HAYES-ROTH,clust,vns,1,1.0,,,-0.500039,18.03,20.0,0.0
HAYES-ROTH,clust,vns,2,1.0,,,-0.500039,52.35,20.0,0.0
HAYES-ROTH,clust,vns,3,2.0,0.5091215447739842,,-0.456575,42.55,20.0,0.0
HAYES-ROTH,clust,vns,4,3.0,0.4927756150256221,,-0.490382,12.14,20.0,0.0
HAYES-ROTH,clust,vns,5,2.0,0.3769321040431694,,-0.482809,44.67,20.0,0.0
HAYES-ROTH,clust,vns,6,1.0,,,-0.498798,4.97,20.0,0.0
HAYES-ROTH,clust,vns,7,3.0,0.3732609615013219,,-0.494735,52.03,20.0,0.0
HAYES-ROTH,clust,vns,8,2.0,0.2070565966242515,,-0.512184,48.3,20.0,0.0
HAYES-ROTH,clust,vns,9,2.0,0.5639934875648306,,-0.506209,56.03,20.0,0.0
HAYES-ROTH,clust,vns,10,1.0,,,-0.500074,35.72,20.0,0.0
HAYES-ROTH,clust,vns,11,2.0,0.313340247710695,,-0.506593,35.24,20.0,0.0
HAYES-ROTH,clust,vns,12,1.0,,,-0.501092,35.74,20.0,0.0
HAYES-ROTH,clust,vns,13,2.0,0.5530216703560891,,-0.501551,8.75,20.0,0.0
HAYES-ROTH,clust,vns,14,3.0,0.3184650730992387,,-0.505566,56.99,20.0,0.0
HAYES-ROTH,clust,vns,15,2.0,0.5558802612340172,,-0.492067,55.8,20.0,0.0
HAYES-ROTH,clust,vns,16,3.0,0.4883496212102511,,-0.478587,11.57,20.0,0.0
HAYES-ROTH,clust,vns,17,2.0,0.5657462459826501,,-0.500958,36.3,20.0,0.0
HAYES-ROTH,clust,vns,18,2.0,0.5319472263903469,,-0.478065,49.12,20.0,0.0
HAYES-ROTH,clust,vns,19,3.0,0.3063548399707247,,-0.478722,40.8,20.0,0.0
INDIAN,clust,brkga,0,2.0,0.6988311261729493,,-0.699433,31.81,20.0,0.0
INDIAN,clust,brkga,1,2.0,0.7299838411283154,,-0.730258,59.5,20.0,0.0
INDIAN,clust,brkga,2,2.0,0.7121544486044443,,-0.710397,40.22,20.0,0.0
INDIAN,clust,brkga,3,2.0,0.7242603263649238,,-0.725013,59.48,20.0,0.0
INDIAN,clust,brkga,4,2.0,0.7521831344247212,,-0.755271,16.71,20.0,0.0
INDIAN,clust,brkga,5,2.0,0.7195094181588368,,-0.725812,46.77,20.0,0.0
INDIAN,clust,brkga,6,2.0,0.752240948820433,,-0.755709,58.82,20.0,0.0
INDIAN,clust,brkga,7,2.0,0.6862843089998898,,-0.691991,60.45,20.0,0.0
INDIAN,clust,brkga,8,2.0,0.69232663080906,,-0.699756,30.65,20.0,0.0
INDIAN,clust,brkga,9,2.0,0.7521831344247212,,-0.755271,48.35,20.0,0.0
INDIAN,clust,brkga,10,2.0,0.6920670077035928,,-0.700155,32.88,20.0,0.0
INDIAN,clust,brkga,11,2.0,0.7013889320395903,,-0.700165,60.1,20.0,0.0
INDIAN,clust,brkga,12,2.0,0.7228763210827025,,-0.723596,58.36,20.0,0.0
INDIAN,clust,brkga,13,2.0,0.7329413055208336,,-0.74006,30.64,20.0,0.0
INDIAN,clust,brkga,14,2.0,0.6988311261729493,,-0.699433,32.36,20.0,0.0
INDIAN,clust,brkga,15,2.0,0.6895223094995612,,-0.699638,31.95,20.0,0.0
INDIAN,clust,brkga,16,2.0,0.6565860117729098,,-0.66649,57.11,20.0,0.0
INDIAN,clust,brkga,17,2.0,0.6826253936102307,,-0.69085,49.38,20.0,0.0
INDIAN,clust,brkga,18,2.0,0.6996454829904378,,-0.708923,57.48,20.0,0.0
INDIAN,clust,brkga,19,2.0,0.7496658963697522,,-0.753336,61.88,20.0,0.0
INDIAN,clust,ils,0,2.0,0.7638853489813366,,-0.767288,61.48,20.0,0.0
INDIAN,clust,ils,1,2.0,0.7582025471324684,,-0.761623,57.12,20.0,0.0
INDIAN,clust,ils,2,2.0,0.7560564677209799,,-0.758724,32.05,20.0,0.0
INDIAN,clust,ils,3,2.0,0.7571726040133495,,-0.760353,43.68,20.0,0.0
INDIAN,clust,ils,4,2.0,0.7703330919975473,,-0.771278,55.54,20.0,0.0
INDIAN,clust,ils,5,2.0,0.7326847766605848,,-0.733642,38.27,20.0,0.0
INDIAN,clust,ils,6,2.0,0.7695003924541286,,-0.771756,46.9,20.0,0.0
INDIAN,clust,ils,7,2.0,0.7358756363580871,,-0.742952,51.34,20.0,0.0
INDIAN,clust,ils,8,2.0,0.7605313270389442,,-0.763814,11.11,20.0,0.0
INDIAN,clust,ils,9,2.0,0.7608742467656753,,-0.760104,61.91,20.0,0.0
INDIAN,clust,ils,10,2.0,0.764514642043093,,-0.763752,56.43,20.0,0.0
INDIAN,clust,ils,11,2.0,0.7583221535757007,,-0.760506,10.13,20.0,0.0
INDIAN,clust,ils,12,2.0,0.767993706056986,,-0.769446,30.06,20.0,0.0
INDIAN,clust,ils,13,2.0,0.7654356559940585,,-0.766573,40.28,20.0,0.0
INDIAN,clust,ils,14,2.0,0.750212830330603,,-0.753583,15.08,20.0,0.0
INDIAN,clust,ils,15,2.0,0.7521831344247212,,-0.755271,53.16,20.0,0.0
INDIAN,clust,ils,16,2.0,0.7712347491242615,,-0.770298,45.06,20.0,0.0
INDIAN,clust,ils,17,2.0,0.7628280676186336,,-0.762002,46.74,20.0,0.0
INDIAN,clust,ils,18,2.0,0.7160510357384136,,-0.716015,57.19,20.0,0.0
INDIAN,clust,ils,19,2.0,0.769405021107563,,-0.771776,59.92,20.0,0.0
INDIAN,clust,vns,0,2.0,0.7583221535757007,,-0.760506,18.96,20.0,0.0
INDIAN,clust,vns,1,2.0,0.7643417089640135,,-0.766058,55.09,20.0,0.0
INDIAN,clust,vns,2,2.0,0.7806992683028654,,-0.781298,57.39,20.0,0.0
INDIAN,clust,vns,3,2.0,0.7101721539142832,,-0.72032,57.41,20.0,0.0
INDIAN,clust,vns,4,2.0,0.7607386671628804,,-0.764275,32.23,20.0,0.0
INDIAN,clust,vns,5,2.0,0.763584144105003,,-0.766363,59.59,20.0,0.0
INDIAN,clust,vns,6,2.0,0.7560564677209799,,-0.758724,26.22,20.0,0.0
INDIAN,clust,vns,7,2.0,0.7480253123518774,,-0.747909,43.99,20.0,0.0
INDIAN,clust,vns,8,2.0,0.7605313270389442,,-0.763814,38.32,20.0,0.0
INDIAN,clust,vns,9,2.0,0.7650634076962974,,-0.768477,34.68,20.0,0.0
INDIAN,clust,vns,10,2.0,0.7648422060005164,,-0.766577,42.81,20.0,0.0
INDIAN,clust,vns,11,2.0,0.761005570549799,,-0.763548,33.62,20.0,0.0
INDIAN,clust,vns,12,2.0,0.7648422060005164,,-0.766577,60.57,20.0,0.0
INDIAN,clust,vns,13,2.0,0.7470697130588095,,-0.757396,45.72,20.0,0.0
INDIAN,clust,vns,14,2.0,0.7521831344247212,,-0.755271,28.54,20.0,0.0
INDIAN,clust,vns,15,2.0,0.7363407214063653,,-0.745798,57.91,20.0,0.0
INDIAN,clust,vns,16,2.0,0.7560564677209799,,-0.758724,25.81,20.0,0.0
INDIAN,clust,vns,17,2.0,0.745666125986648,,-0.744987,59.9,20.0,0.0
INDIAN,clust,vns,18,2.0,0.766564652202929,,-0.767913,58.14,20.0,0.0
INDIAN,clust,vns,19,2.0,0.7169322125257994,,-0.716493,60.45,20.0,0.0
IONOSPHERE,classf,brkga,0,3.0,0.5492128190879646,0.1356419785553849,-0.52789,57.59,20.0,0.0
IONOSPHERE,classf,brkga,1,3.0,0.5437723203735578,0.1360806488924643,-0.52342,51.43,20.0,0.0
IONOSPHERE,classf,brkga,2,3.0,0.5672921997867026,0.1492248394626497,-0.52994,58.58,20.0,0.0
IONOSPHERE,classf,brkga,3,4.0,0.4949971754806758,0.1160424572949018,-0.504103,57.99,20.0,0.0
IONOSPHERE,classf,brkga,4,3.0,0.5506851287973181,0.135656182597151,-0.519789,51.67,20.0,0.0
IONOSPHERE,classf,brkga,5,3.0,0.5270689999999334,0.1501636428924805,-0.516376,27.32,20.0,0.0
IONOSPHERE,classf,brkga,6,3.0,0.5481778941226618,0.1341067134793015,-0.521052,60.63,20.0,0.0
IONOSPHERE,classf,brkga,7,3.0,0.5518872226486593,0.1496249020069363,-0.524383,59.43,20.0,0.0
IONOSPHERE,classf,brkga,8,3.0,0.537026414089726,0.1397095100156606,-0.516953,54.81,20.0,0.0
IONOSPHERE,classf,brkga,9,3.0,0.5488311836265805,0.1301027823920265,-0.519152,60.55,20.0,0.0
IONOSPHERE,classf,brkga,10,3.0,0.553940725400922,0.1404040789213362,-0.532427,32.24,20.0,0.0
IONOSPHERE,classf,brkga,11,3.0,0.5449298959384009,0.1169314386686318,-0.518159,53.26,20.0,0.0
IONOSPHERE,classf,brkga,12,4.0,0.4369553857867005,0.1657509337537207,-0.516866,61.79,20.0,0.0
IONOSPHERE,classf,brkga,13,4.0,0.5248292722067475,0.1524302347347018,-0.52038,62.12,20.0,0.0
IONOSPHERE,classf,brkga,14,3.0,0.5468749419015787,0.154422381484141,-0.524738,40.85,20.0,0.0
IONOSPHERE,classf,brkga,15,3.0,0.5519848788172393,0.1560772512201971,-0.506664,57.29,20.0,0.0
IONOSPHERE,classf,brkga,16,3.0,0.544656372454561,0.1379640569420069,-0.525208,55.21,20.0,0.0
IONOSPHERE,classf,brkga,17,3.0,0.54850472286508,0.1608800407231589,-0.510977,55.32,20.0,0.0
IONOSPHERE,classf,brkga,18,3.0,0.5491338288757937,0.1387134026508099,-0.53011,28.4,20.0,0.0
IONOSPHERE,classf,brkga,19,3.0,0.5605299632171874,0.138044529723237,-0.535445,25.1,20.0,0.0
IONOSPHERE,classf,ils,0,3.0,0.5612545058810443,0.1348064088339354,-0.541522,27.76,20.0,0.0
IONOSPHERE,classf,ils,1,3.0,0.5726048326809617,0.1405583268783888,-0.545779,37.74,20.0,0.0
IONOSPHERE,classf,ils,2,3.0,0.5655098723851967,0.1468328535163728,-0.533428,57.67,20.0,0.0
IONOSPHERE,classf,ils,3,3.0,0.5578016431890158,0.1394989601271123,-0.53729,32.08,20.0,0.0
IONOSPHERE,classf,ils,4,3.0,0.5636706444898139,0.1456481059702013,-0.544342,52.53,20.0,0.0
IONOSPHERE,classf,ils,5,4.0,0.5289150986088317,0.1192235490037882,-0.56597,55.21,20.0,0.0
IONOSPHERE,classf,ils,6,3.0,0.5796345107191041,0.1500110834893618,-0.557014,41.05,20.0,0.0
IONOSPHERE,classf,ils,7,3.0,0.5582164903271127,0.1282105743670646,-0.532181,36.89,20.0,0.0
IONOSPHERE,classf,ils,8,3.0,0.5663394286080019,0.1382269691558222,-0.549533,48.99,20.0,0.0
IONOSPHERE,classf,ils,9,3.0,0.5779369484845305,0.1548832069215934,-0.549365,21.7,20.0,0.0
IONOSPHERE,classf,ils,10,4.0,0.4346090934328039,0.2507062165673527,-0.500973,60.38,20.0,0.0
IONOSPHERE,classf,ils,11,4.0,0.5298031003145521,0.1339819239132082,-0.535071,56.25,20.0,0.0
IONOSPHERE,classf,ils,12,4.0,0.4546195650985764,0.1311007390916419,-0.568615,51.41,20.0,0.0
IONOSPHERE,classf,ils,13,3.0,0.5626467938431763,0.1624559807972024,-0.531304,62.27,20.0,0.0
IONOSPHERE,classf,ils,14,3.0,0.5482389409341535,0.1662464111820292,-0.525221,49.83,20.0,0.0
IONOSPHERE,classf,ils,15,4.0,0.4439344582795169,0.0536743726318789,-0.520476,55.66,20.0,0.0
IONOSPHERE,classf,ils,16,3.0,0.5609963025193467,0.1239576667789728,-0.534514,26.69,20.0,0.0
IONOSPHERE,classf,ils,17,3.0,0.5452604271048236,0.1335290385307895,-0.523454,55.26,20.0,0.0
IONOSPHERE,classf,ils,18,3.0,0.5765101385034302,0.1451344217858276,-0.553352,27.26,20.0,0.0
IONOSPHERE,classf,ils,19,3.0,0.5931830514177118,0.1424450622465852,-0.558592,59.29,20.0,0.0
IONOSPHERE,classf,vns,0,3.0,0.5810850891445628,0.137256105627971,-0.561805,45.84,20.0,0.0
IONOSPHERE,classf,vns,1,3.0,0.5447139466918028,0.1472414845844896,-0.526151,15.35,20.0,0.0
IONOSPHERE,classf,vns,2,3.0,0.558040304471445,0.1632418505129545,-0.532845,57.54,20.0,0.0
IONOSPHERE,classf,vns,3,2.0,0.5004773760601469,0.10045743643282,-0.537034,36.0,20.0,0.0
IONOSPHERE,classf,vns,4,3.0,0.5814528179188637,0.1620086122792102,-0.554599,50.45,20.0,0.0
IONOSPHERE,classf,vns,5,3.0,0.5663624585835254,0.1174738992989278,-0.553391,42.4,20.0,0.0
IONOSPHERE,classf,vns,6,3.0,0.5825364407765585,0.1249759723948226,-0.564549,41.08,20.0,0.0
IONOSPHERE,classf,vns,7,3.0,0.5246747034350644,0.13576176416502,-0.484381,59.67,20.0,0.0
IONOSPHERE,classf,vns,8,4.0,0.5169017844197359,0.181101146447588,-0.52524,27.79,20.0,0.0
IONOSPHERE,classf,vns,9,3.0,0.5858863238070945,0.1370120967258426,-0.561774,55.9,20.0,0.0
IONOSPHERE,classf,vns,10,3.0,0.5662936415479344,0.1479022504698054,-0.531946,38.94,20.0,0.0
IONOSPHERE,classf,vns,11,3.0,0.5674073079147439,0.1486807225997881,-0.540623,21.08,20.0,0.0
IONOSPHERE,classf,vns,12,3.0,0.5401537768807985,0.1538842285969744,-0.519044,20.09,20.0,0.0
IONOSPHERE,classf,vns,13,4.0,0.5403793642964675,0.1417085015138297,-0.535242,53.83,20.0,0.0
IONOSPHERE,classf,vns,14,3.0,0.589270636149086,0.139681694783863,-0.557592,53.9,20.0,0.0
IONOSPHERE,classf,vns,15,3.0,0.5096341841149696,0.1386775857455727,-0.494144,62.2,20.0,0.0
IONOSPHERE,classf,vns,16,3.0,0.5838518125295704,0.137444511820068,-0.551386,27.15,20.0,0.0
IONOSPHERE,classf,vns,17,3.0,0.5634227848538836,0.1428106585534601,-0.536606,50.53,20.0,0.0
IONOSPHERE,classf,vns,18,3.0,0.5718004205256652,0.1385807450346198,-0.543752,54.51,20.0,0.0
IONOSPHERE,classf,vns,19,3.0,0.5228935988574221,0.0833843535386694,-0.507176,58.12,20.0,0.0
IRIS,classf,brkga,0,2.0,0.6165991127071684,0.5618002432113482,-0.515197,61.16,20.0,0.0
IRIS,classf,brkga,1,3.0,0.5537628324201964,0.4971675240793534,-0.565895,55.91,20.0,0.0
IRIS,classf,brkga,2,3.0,0.5567746248174901,0.5607826648756767,-0.523812,29.27,20.0,0.0
IRIS,classf,brkga,3,2.0,0.6146848299951184,0.5467270611179265,-0.514395,57.95,20.0,0.0
IRIS,classf,brkga,4,2.0,0.6260275200582153,0.5933388536491827,-0.528573,29.07,20.0,0.0
IRIS,classf,brkga,5,2.0,0.632481569744543,0.5499574547530401,-0.521242,55.12,20.0,0.0
IRIS,classf,brkga,6,3.0,0.52736002985368,0.4477372809288822,-0.550918,59.28,20.0,0.0
IRIS,classf,brkga,7,2.0,0.6208589147062676,0.5841113965326028,-0.521436,55.83,20.0,0.0
IRIS,classf,brkga,8,2.0,0.6182941990628618,0.585117550157146,-0.516964,28.97,20.0,0.0
IRIS,classf,brkga,9,2.0,0.6159156356252872,0.5933388536491827,-0.523696,61.49,20.0,0.0
IRIS,classf,brkga,10,3.0,0.5351888136832067,0.4939650126677716,-0.546259,12.82,20.0,0.0
IRIS,classf,brkga,11,3.0,0.5012662838888721,0.431150579763697,-0.525208,55.94,20.0,0.0
IRIS,classf,brkga,12,3.0,0.5477782443862863,0.5018786471426983,-0.545677,56.91,20.0,0.0
IRIS,classf,brkga,13,3.0,0.5373897900439482,0.5042361188408029,-0.538535,32.69,20.0,0.0
IRIS,classf,brkga,14,4.0,0.4907513409368146,0.4282920636165856,-0.532056,59.98,20.0,0.0
IRIS,classf,brkga,15,2.0,0.6367065594200767,0.6046826322859232,-0.523123,58.35,20.0,0.0
IRIS,classf,brkga,16,3.0,0.5432493030366121,0.5245066013733035,-0.532863,24.4,20.0,0.0
IRIS,classf,brkga,17,3.0,0.5453474615253775,0.4939370968265251,-0.541852,41.88,20.0,0.0
IRIS,classf,brkga,18,2.0,0.6175525451981261,0.5302549032287628,-0.520433,57.42,20.0,0.0
IRIS,classf,brkga,19,4.0,0.4908905009426202,0.4000077021370505,-0.519922,44.39,20.0,0.0
IRIS,classf,ils,0,2.0,0.6298967177232754,0.6165650469435213,-0.527648,58.08,20.0,0.0
IRIS,classf,ils,1,2.0,0.6345076868098486,0.6180919500260799,-0.534775,49.31,20.0,0.0
IRIS,classf,ils,2,3.0,0.549366801003796,0.4954159538993953,-0.561647,60.35,20.0,0.0
IRIS,classf,ils,3,3.0,0.4623570469132653,0.6917472283696773,-0.513451,17.74,20.0,0.0
IRIS,classf,ils,4,2.0,0.6231153037499988,0.5832299270447269,-0.523858,50.14,20.0,0.0
IRIS,classf,ils,5,2.0,0.6358382687866588,0.6346470847980188,-0.533223,44.74,20.0,0.0
IRIS,classf,ils,6,3.0,0.5961224620845246,0.6022148545205102,-0.577524,24.95,20.0,0.0
IRIS,classf,ils,7,2.0,0.6348588206100539,0.5953523904530721,-0.533336,62.12,20.0,0.0
IRIS,classf,ils,8,2.0,0.6283556070467021,0.6066030246319447,-0.517438,11.23,20.0,0.0
IRIS,classf,ils,9,3.0,0.5587180089114684,0.5542657810235796,-0.53549,59.07,20.0,0.0
IRIS,classf,ils,10,3.0,0.548119495760821,0.4438772208477444,-0.57548,40.31,20.0,0.0
IRIS,classf,ils,11,2.0,0.5002602642903606,0.4424066099752729,-0.516077,42.69,20.0,0.0
IRIS,classf,ils,12,3.0,0.5206559962631374,0.4918192862893909,-0.520913,43.16,20.0,0.0
IRIS,classf,ils,13,2.0,0.632506899650526,0.6302869244109909,-0.526991,25.11,20.0,0.0
IRIS,classf,ils,14,2.0,0.6403335117764839,0.6249799096380163,-0.530907,61.46,20.0,0.0
IRIS,classf,ils,15,3.0,0.5457358074434269,0.4975633330513125,-0.554081,29.8,20.0,0.0
IRIS,classf,ils,16,2.0,0.6350812375930035,0.6233800747850151,-0.530679,33.91,20.0,0.0
IRIS,classf,ils,17,3.0,0.5478000631793144,0.5360201818063054,-0.559457,55.78,20.0,0.0
IRIS,classf,ils,18,2.0,0.6323458400023834,0.6357128427099564,-0.527491,56.85,20.0,0.0
IRIS,classf,ils,19,3.0,0.5651907285707501,0.4716423662774605,-0.586247,61.58,20.0,0.0
IRIS,classf,vns,0,1.0,,0.0,-0.545429,23.88,20.0,0.0
IRIS,classf,vns,1,2.0,0.6381156497788805,0.5878973196734999,-0.526421,30.2,20.0,0.0
IRIS,classf,vns,2,2.0,0.6358382687866588,0.6346470847980188,-0.533223,61.74,20.0,0.0
IRIS,classf,vns,3,2.0,0.632506899650526,0.6302869244109909,-0.526991,21.71,20.0,0.0
IRIS,classf,vns,4,3.0,0.5856997949127971,0.6253978749748795,-0.549872,50.71,20.0,0.0
IRIS,classf,vns,5,2.0,0.6349779226348938,0.6288850678781183,-0.531207,18.22,20.0,0.0
IRIS,classf,vns,6,2.0,0.6363627796140919,0.6346470847980188,-0.533627,53.12,20.0,0.0
IRIS,classf,vns,7,2.0,0.6222855838751168,0.6450393236182387,-0.529745,51.46,20.0,0.0
IRIS,classf,vns,8,2.0,0.6358382687866588,0.6346470847980188,-0.533223,60.41,20.0,0.0
IRIS,classf,vns,9,2.0,0.6360559605720943,0.6406770633023412,-0.534659,26.35,20.0,0.0
IRIS,classf,vns,10,4.0,0.4884074109758318,0.379381276018647,-0.531241,61.44,20.0,0.0
IRIS,classf,vns,11,2.0,0.6171994885457015,0.6472691579611582,-0.52468,49.6,20.0,0.0
IRIS,classf,vns,12,3.0,0.5522183006957241,0.488016707982202,-0.567248,50.52,20.0,0.0
IRIS,classf,vns,13,2.0,0.6350812375930035,0.6233800747850151,-0.530679,32.0,20.0,0.0
IRIS,classf,vns,14,2.0,0.6264208917340616,0.5814597025250778,-0.533876,57.53,20.0,0.0
IRIS,classf,vns,15,3.0,0.5391533041787333,0.5027624685043914,-0.536089,46.53,20.0,0.0
IRIS,classf,vns,16,4.0,0.4918028524350725,0.4316356523598432,-0.536819,56.92,20.0,0.0
IRIS,classf,vns,17,2.0,0.6357254663858691,0.5838352438313581,-0.534781,18.56,20.0,0.0
IRIS,classf,vns,18,2.0,0.637334834411511,0.6406770633023412,-0.535807,55.73,20.0,0.0
IRIS,classf,vns,19,3.0,0.4181338407407722,0.7346384171005621,-0.516238,58.13,20.0,0.0
JAIN,classf,brkga,0,3.0,0.503269839596442,0.2706468611416392,-0.496318,34.35,20.0,0.0
JAIN,classf,brkga,1,4.0,0.4242519126465574,0.3205559359582497,-0.494626,57.71,20.0,0.0
JAIN,classf,brkga,2,4.0,0.4368096459356357,0.2767247641189219,-0.495503,57.87,20.0,0.0
JAIN,classf,brkga,3,4.0,0.4869731271253323,0.2889144033018441,-0.488449,27.9,20.0,0.0
JAIN,classf,brkga,4,4.0,0.3732330889374453,0.3287179264550039,-0.507442,62.12,20.0,0.0
JAIN,classf,brkga,5,3.0,0.5072578220908943,0.2944568851993646,-0.501075,23.55,20.0,0.0
JAIN,classf,brkga,6,3.0,0.4982800431062785,0.2975442505657434,-0.493931,21.67,20.0,0.0
JAIN,classf,brkga,7,3.0,0.4946799809494628,0.3464188868622089,-0.492835,26.48,20.0,0.0
JAIN,classf,brkga,8,3.0,0.4972693209277504,0.291312307464523,-0.492938,14.55,20.0,0.0
JAIN,classf,brkga,9,3.0,0.5067637652202999,0.2887328575733572,-0.503214,26.3,20.0,0.0
JAIN,classf,brkga,10,3.0,0.5099736614558094,0.3343401057573096,-0.505565,30.88,20.0,0.0
JAIN,classf,brkga,11,4.0,0.3225048636637483,0.3210938939444738,-0.494196,55.55,20.0,0.0
JAIN,classf,brkga,12,3.0,0.5062009607628926,0.282431381775785,-0.501413,30.86,20.0,0.0
JAIN,classf,brkga,13,3.0,0.4979639737426585,0.3180949380610997,-0.497884,62.27,20.0,0.0
JAIN,classf,brkga,14,4.0,0.4878581340602669,0.2957398837277888,-0.491671,33.17,20.0,0.0
JAIN,classf,brkga,15,3.0,0.4916712026277163,0.3624112023445864,-0.491219,52.05,20.0,0.0
JAIN,classf,brkga,16,4.0,0.3768120526981153,0.3354098991509857,-0.49746,30.2,20.0,0.0
JAIN,classf,brkga,17,3.0,0.5015823553962193,0.3428596674097445,-0.503139,61.98,20.0,0.0
JAIN,classf,brkga,18,3.0,0.4991152686250786,0.2657039878319068,-0.495639,56.27,20.0,0.0
JAIN,classf,brkga,19,4.0,0.431897633927513,0.3057707347526155,-0.496926,50.45,20.0,0.0
JAIN,classf,ils,0,4.0,0.4064745807260463,0.3211792429847522,-0.480834,12.96,20.0,0.0
JAIN,classf,ils,1,3.0,0.5078788595456691,0.3506888684526462,-0.509507,40.77,20.0,0.0
JAIN,classf,ils,2,3.0,0.5062623645503893,0.3613096517432563,-0.504763,58.2,20.0,0.0
JAIN,classf,ils,3,5.0,0.4826907591367426,0.3271520414284076,-0.542796,58.91,20.0,0.0
JAIN,classf,ils,4,3.0,0.5034057777245353,0.4413917154967406,-0.511301,39.91,20.0,0.0
JAIN,classf,ils,5,4.0,0.4983915946800614,0.2827035514330829,-0.513107,37.99,20.0,0.0
JAIN,classf,ils,6,4.0,0.4971854722517743,0.307922248848384,-0.502379,59.01,20.0,0.0
JAIN,classf,ils,7,3.0,0.5276825282875621,0.327474436944463,-0.5261,58.96,20.0,0.0
JAIN,classf,ils,8,3.0,0.5234777519448884,0.3197324110356571,-0.519927,61.24,20.0,0.0
JAIN,classf,ils,9,4.0,0.426254204062024,0.3736328061440164,-0.502798,32.61,20.0,0.0
JAIN,classf,ils,10,4.0,0.5182263598621442,0.3180388279467329,-0.523097,30.07,20.0,0.0
JAIN,classf,ils,11,3.0,0.5034057777245353,0.4413917154967406,-0.511301,32.48,20.0,0.0
JAIN,classf,ils,12,5.0,0.459541779531555,0.2346894435757869,-0.473903,46.27,20.0,0.0
JAIN,classf,ils,13,4.0,0.4529459837274817,0.3578535262058698,-0.491212,61.67,20.0,0.0
JAIN,classf,ils,14,3.0,0.5139738391288474,0.3520455270483674,-0.515341,9.08,20.0,0.0
JAIN,classf,ils,15,4.0,0.4280927839716191,0.3456292080739349,-0.509158,56.02,20.0,0.0
JAIN,classf,ils,16,5.0,0.4066452140335155,0.383415112251638,-0.51292,60.89,20.0,0.0
JAIN,classf,ils,17,4.0,0.5016035873366205,0.3198059169401424,-0.507234,62.32,20.0,0.0
JAIN,classf,ils,18,4.0,0.4962933752504374,0.3102316597019676,-0.50164,50.72,20.0,0.0
JAIN,classf,ils,19,4.0,0.4307167721024162,0.2979558090692485,-0.503617,59.27,20.0,0.0
JAIN,classf,vns,0,3.0,0.4993961554683581,0.4551128080802888,-0.506584,60.57,20.0,0.0
JAIN,classf,vns,1,4.0,0.5016922838741431,0.3093770696542617,-0.506743,26.15,20.0,0.0
JAIN,classf,vns,2,3.0,0.5110140169387792,0.2619622139854041,-0.510779,56.08,20.0,0.0
JAIN,classf,vns,3,4.0,0.4397917576985834,0.3426502641118327,-0.514057,61.84,20.0,0.0
JAIN,classf,vns,4,6.0,0.4237974257297849,0.3355047525375643,-0.492719,59.99,20.0,0.0
JAIN,classf,vns,5,6.0,0.4755261970591635,0.2153824095419312,-0.47939,61.49,20.0,0.0
JAIN,classf,vns,6,5.0,0.4038120277327689,0.2935206388705622,-0.467455,32.61,20.0,0.0
JAIN,classf,vns,7,4.0,0.4226434152518522,0.3780771820354723,-0.515858,60.71,20.0,0.0
JAIN,classf,vns,8,4.0,0.4920248591994518,0.3093018980229215,-0.497404,61.19,20.0,0.0
JAIN,classf,vns,9,4.0,0.5223086593331535,0.3195933975931084,-0.527371,59.08,20.0,0.0
JAIN,classf,vns,10,5.0,0.4249306436774291,0.2339190636985056,-0.461686,55.66,20.0,0.0
JAIN,classf,vns,11,4.0,0.502871889732714,0.3086910174168922,-0.508077,50.38,20.0,0.0
JAIN,classf,vns,12,4.0,0.5155335195405552,0.4209808432318964,-0.533783,62.1,20.0,0.0
JAIN,classf,vns,13,3.0,0.5345101032686713,0.3685410997977235,-0.53389,39.86,20.0,0.0
JAIN,classf,vns,14,6.0,0.49269710851982,0.2415265909665,-0.495969,59.65,20.0,0.0
JAIN,classf,vns,15,4.0,0.5022463647838178,0.3135049676293413,-0.507605,58.79,20.0,0.0
JAIN,classf,vns,16,4.0,0.4625509168301266,0.3206623838863085,-0.518183,60.0,20.0,0.0
JAIN,classf,vns,17,4.0,0.4158086436279976,0.3478429694425594,-0.490424,62.32,20.0,0.0
JAIN,classf,vns,18,3.0,0.5112111715729004,0.3854359164602268,-0.513249,42.23,20.0,0.0
JAIN,classf,vns,19,3.0,0.5065070367583345,0.3020149441317465,-0.499196,57.0,20.0,0.0
MARONNA,clust,brkga,0,4.0,0.6214394887372982,,-0.615994,32.68,20.0,0.0
MARONNA,clust,brkga,1,5.0,0.4641396891134882,,-0.592546,29.21,20.0,0.0
MARONNA,clust,brkga,2,5.0,0.5161535192906052,,-0.592657,59.85,20.0,0.0
MARONNA,clust,brkga,3,4.0,0.6101547866345515,,-0.604805,59.62,20.0,0.0
MARONNA,clust,brkga,4,3.0,0.5121010497639803,,-0.628679,58.42,20.0,0.0
MARONNA,clust,brkga,5,4.0,0.6201062416501746,,-0.612767,30.4,20.0,0.0
MARONNA,clust,brkga,6,4.0,0.6108404830238431,,-0.605767,47.88,20.0,0.0
MARONNA,clust,brkga,7,5.0,0.5242926809056763,,-0.616416,22.48,20.0,0.0
MARONNA,clust,brkga,8,4.0,0.6162775187150553,,-0.611377,29.06,20.0,0.0
MARONNA,clust,brkga,9,4.0,0.6174034589927456,,-0.615775,55.05,20.0,0.0
MARONNA,clust,brkga,10,5.0,0.5025138448198312,,-0.588421,21.75,20.0,0.0
MARONNA,clust,brkga,11,5.0,0.499236270468858,,-0.580384,32.04,20.0,0.0
MARONNA,clust,brkga,12,4.0,0.6157221632859671,,-0.611402,33.35,20.0,0.0
MARONNA,clust,brkga,13,4.0,0.2882203984694374,,-0.614483,21.15,20.0,0.0
MARONNA,clust,brkga,14,3.0,0.4832097476376606,,-0.627382,60.18,20.0,0.0
MARONNA,clust,brkga,15,4.0,0.6265043913007438,,-0.622086,13.4,20.0,0.0
MARONNA,clust,brkga,16,3.0,0.4660720906135072,,-0.600932,59.27,20.0,0.0
MARONNA,clust,brkga,17,4.0,0.6162954463901611,,-0.610232,35.73,20.0,0.0
MARONNA,clust,brkga,18,4.0,0.6412876347296872,,-0.635828,61.31,20.0,0.0
MARONNA,clust,brkga,19,2.0,0.3780879981610615,,-0.617448,28.57,20.0,0.0
MARONNA,clust,ils,0,4.0,0.6306695808908827,,-0.624232,39.6,20.0,0.0
MARONNA,clust,ils,1,4.0,0.6165549397521278,,-0.609769,28.01,20.0,0.0
MARONNA,clust,ils,2,4.0,0.3992281201648099,,-0.630902,49.26,20.0,0.0
MARONNA,clust,ils,3,4.0,0.6194413548262924,,-0.621777,32.08,20.0,0.0
MARONNA,clust,ils,4,2.0,0.456309729865048,,-0.636649,43.77,20.0,0.0
MARONNA,clust,ils,5,4.0,0.6347314469433447,,-0.627091,58.91,20.0,0.0
MARONNA,clust,ils,6,4.0,0.6511578032609712,,-0.644832,61.17,20.0,0.0
MARONNA,clust,ils,7,4.0,0.6330614689973307,,-0.626861,47.66,20.0,0.0
MARONNA,clust,ils,8,4.0,0.4449547990429091,,-0.627614,15.82,20.0,0.0
MARONNA,clust,ils,9,4.0,0.3128412784388238,,-0.607064,15.33,20.0,0.0
MARONNA,clust,ils,10,4.0,0.6381069080461299,,-0.630126,40.35,20.0,0.0
MARONNA,clust,ils,11,4.0,0.6339473855234777,,-0.631264,38.13,20.0,0.0
MARONNA,clust,ils,12,4.0,0.6437466561702166,,-0.642456,55.42,20.0,0.0
MARONNA,clust,ils,13,4.0,0.6461912968845807,,-0.639522,44.09,20.0,0.0
MARONNA,clust,ils,14,4.0,0.6344323092079385,,-0.634553,61.95,20.0,0.0
MARONNA,clust,ils,15,4.0,0.6414303367588136,,-0.640164,12.72,20.0,0.0
MARONNA,clust,ils,16,4.0,0.6001245173631887,,-0.600866,60.16,20.0,0.0
MARONNA,clust,ils,17,4.0,0.3941988642732112,,-0.598144,53.01,20.0,0.0
MARONNA,clust,ils,18,4.0,0.6448330946917515,,-0.644412,52.83,20.0,0.0
MARONNA,clust,ils,19,4.0,0.6519933797837228,,-0.646181,34.22,20.0,0.0
MARONNA,clust,vns,0,3.0,0.3902301597915496,,-0.623344,30.03,20.0,0.0
MARONNA,clust,vns,1,3.0,0.524155812096302,,-0.626167,40.75,20.0,0.0
MARONNA,clust,vns,2,4.0,0.6536836752309445,,-0.648165,58.53,20.0,0.0
MARONNA,clust,vns,3,4.0,0.6279778083472244,,-0.621129,37.14,20.0,0.0
MARONNA,clust,vns,4,4.0,0.6356297311127108,,-0.627723,46.94,20.0,0.0
MARONNA,clust,vns,5,4.0,0.6357345174812782,,-0.630824,14.67,20.0,0.0
MARONNA,clust,vns,6,3.0,0.4885232112833529,,-0.614086,60.18,20.0,0.0
MARONNA,clust,vns,7,3.0,0.5168325402986774,,-0.633242,59.16,20.0,0.0
MARONNA,clust,vns,8,2.0,0.3041401363276951,,-0.62641,47.37,20.0,0.0
MARONNA,clust,vns,9,4.0,0.6546680952218454,,-0.648771,48.87,20.0,0.0
MARONNA,clust,vns,10,3.0,0.3747021910058608,,-0.644201,54.24,20.0,0.0
MARONNA,clust,vns,11,5.0,0.5889806631675212,,-0.623038,16.36,20.0,0.0
MARONNA,clust,vns,12,4.0,0.6202032946868292,,-0.620454,50.96,20.0,0.0
MARONNA,clust,vns,13,4.0,0.6521489317263967,,-0.645721,56.78,20.0,0.0
MARONNA,clust,vns,14,1.0,,,-0.642986,25.02,20.0,0.0
MARONNA,clust,vns,15,3.0,0.490291856857146,,-0.635882,38.3,20.0,0.0
MARONNA,clust,vns,16,4.0,0.6432084944492285,,-0.64225,52.9,20.0,0.0
MARONNA,clust,vns,17,3.0,0.5217722275570452,,-0.622265,61.15,20.0,0.0
MARONNA,clust,vns,18,3.0,0.459697971809493,,-0.612745,61.42,20.0,0.0
MARONNA,clust,vns,19,3.0,0.3450217247562384,,-0.605179,33.57,20.0,0.0
NEW-THYROID,classf,brkga,0,2.0,0.8299173349556771,-0.0014769115759675,-0.841617,48.62,20.0,0.0
NEW-THYROID,classf,brkga,1,2.0,0.8022169899647745,-0.0017935187942747,-0.81481,59.43,20.0,0.0
NEW-THYROID,classf,brkga,2,3.0,0.8381043410611467,0.0010434827561338,-0.843184,31.91,20.0,0.0
NEW-THYROID,classf,brkga,3,3.0,0.8286061087712676,0.0050304323519002,-0.828069,22.1,20.0,0.0
NEW-THYROID,classf,brkga,4,3.0,0.8167819151976499,0.0042889230805824,-0.820357,39.04,20.0,0.0
NEW-THYROID,classf,brkga,5,3.0,0.8207323777130068,0.0008292252733208,-0.828937,60.24,20.0,0.0
NEW-THYROID,classf,brkga,6,3.0,0.8187958526903801,0.0035726481691421,-0.8247,31.18,20.0,0.0
NEW-THYROID,classf,brkga,7,3.0,0.8203681672834124,0.0035376588935836,-0.824975,56.46,20.0,0.0
NEW-THYROID,classf,brkga,8,2.0,0.818552180850983,-0.0017217587967461,-0.829,60.9,20.0,0.0
NEW-THYROID,classf,brkga,9,2.0,0.8237381321414746,-0.0017177981402072,-0.836235,56.95,20.0,0.0
NEW-THYROID,classf,brkga,10,2.0,0.817909624005209,-0.0019488401516702,-0.829663,29.35,20.0,0.0
NEW-THYROID,classf,brkga,11,2.0,0.8199446788631197,0.0025261390439099,-0.833896,21.82,20.0,0.0
NEW-THYROID,classf,brkga,12,2.0,0.8228343604488529,-0.0011243945424608,-0.833389,32.7,20.0,0.0
NEW-THYROID,classf,brkga,13,3.0,0.844656383378946,0.0015638894473229,-0.848618,31.93,20.0,0.0
NEW-THYROID,classf,brkga,14,3.0,0.8285123674161964,0.0049523562299227,-0.830632,56.54,20.0,0.0
NEW-THYROID,classf,brkga,15,3.0,0.8357888532610304,0.0052502542946194,-0.835592,34.64,20.0,0.0
NEW-THYROID,classf,brkga,16,3.0,0.8068369493386572,0.0010913974197322,-0.813803,58.78,20.0,0.0
NEW-THYROID,classf,brkga,17,3.0,0.8145931960405561,0.0026076166483147,-0.82007,45.67,20.0,0.0
NEW-THYROID,classf,brkga,18,3.0,0.8244781392734216,0.0038740672433944,-0.828391,59.24,20.0,0.0
NEW-THYROID,classf,brkga,19,3.0,0.802920374333188,0.0033483655452094,-0.807696,57.31,20.0,0.0
NEW-THYROID,classf,ils,0,3.0,0.8177717280455624,0.010555639698843,-0.801423,56.95,20.0,0.0
NEW-THYROID,classf,ils,1,2.0,0.8292854290850713,-0.0013030366542258,-0.839849,52.23,20.0,0.0
NEW-THYROID,classf,ils,2,3.0,0.8404393144936024,0.0017339712855034,-0.843779,24.97,20.0,0.0
NEW-THYROID,classf,ils,3,2.0,0.8366017848434741,-0.0014222807638278,-0.847251,6.21,20.0,0.0
NEW-THYROID,classf,ils,4,3.0,0.8370977209295778,0.0061603373376803,-0.83341,45.75,20.0,0.0
NEW-THYROID,classf,ils,5,3.0,0.8414288515555801,0.0057566415818718,-0.839493,19.09,20.0,0.0
NEW-THYROID,classf,ils,6,3.0,0.8195889128499684,0.0053979898895951,-0.81936,60.6,20.0,0.0
NEW-THYROID,classf,ils,7,2.0,0.8327099226246828,-0.0014109564538371,-0.843574,18.11,20.0,0.0
NEW-THYROID,classf,ils,8,3.0,0.8395459578210553,0.009549351509192,-0.8266,28.57,20.0,0.0
NEW-THYROID,classf,ils,9,2.0,0.8077887965286605,-0.0018890306655103,-0.820986,9.41,20.0,0.0
NEW-THYROID,classf,ils,10,2.0,0.8281479133510763,-0.0017183486316096,-0.840406,54.52,20.0,0.0
NEW-THYROID,classf,ils,11,3.0,0.8469399142492551,0.0088573640340612,-0.839576,24.76,20.0,0.0
NEW-THYROID,classf,ils,12,2.0,0.8248223617111143,-0.0009657804888867,-0.838687,25.93,20.0,0.0
NEW-THYROID,classf,ils,13,3.0,0.8343086137491322,0.0025433329112253,-0.837595,15.72,20.0,0.0
NEW-THYROID,classf,ils,14,3.0,0.8463553879234186,0.0042511671138976,-0.845998,39.02,20.0,0.0
NEW-THYROID,classf,ils,15,2.0,0.8254526859952366,-0.0009492854297081,-0.838638,20.61,20.0,0.0
NEW-THYROID,classf,ils,16,3.0,0.8383182390450937,0.008789659263521,-0.827256,59.46,20.0,0.0
NEW-THYROID,classf,ils,17,3.0,0.83809660103421,0.0060013899505106,-0.835864,61.06,20.0,0.0
NEW-THYROID,classf,ils,18,3.0,0.843932017471192,0.004846338854105,-0.844194,60.77,20.0,0.0
NEW-THYROID,classf,ils,19,3.0,0.8244249786389742,0.009053993639436,-0.80664,42.87,20.0,0.0
NEW-THYROID,classf,vns,0,2.0,0.8279855299550019,-0.0010550776777799,-0.840853,20.2,20.0,0.0
NEW-THYROID,classf,vns,1,3.0,0.860907659350506,0.0078336240181742,-0.844858,19.06,20.0,0.0
NEW-THYROID,classf,vns,2,3.0,0.8295278468480416,0.0021962630970123,-0.836115,27.85,20.0,0.0
NEW-THYROID,classf,vns,3,3.0,0.8314068177170012,0.0009902106493519,-0.838605,31.29,20.0,0.0
NEW-THYROID,classf,vns,4,2.0,0.8096220294925016,-0.0013129655938244,-0.822589,21.95,20.0,0.0
NEW-THYROID,classf,vns,5,2.0,0.8146110603616953,-0.0011586566777111,-0.827641,15.42,20.0,0.0
NEW-THYROID,classf,vns,6,3.0,0.8371561968546819,0.0066582529536971,-0.831298,59.34,20.0,0.0
NEW-THYROID,classf,vns,7,2.0,0.8456841980348354,0.002139415718227,-0.856792,55.46,20.0,0.0
NEW-THYROID,classf,vns,8,3.0,0.8462711191147905,0.0044761747170155,-0.847717,36.87,20.0,0.0
NEW-THYROID,classf,vns,9,3.0,0.8261150863627149,0.0095297877556531,-0.807495,15.89,20.0,0.0
NEW-THYROID,classf,vns,10,3.0,0.8178891519742791,0.0097642268685372,-0.799482,42.57,20.0,0.0
NEW-THYROID,classf,vns,11,3.0,0.8436452388055701,0.0093024600093668,-0.835907,44.62,20.0,0.0
NEW-THYROID,classf,vns,12,3.0,0.8422576569403182,0.0034291702942057,-0.845894,27.89,20.0,0.0
NEW-THYROID,classf,vns,13,2.0,0.8424952173829267,-0.0019060715725688,-0.851975,13.63,20.0,0.0
NEW-THYROID,classf,vns,14,2.0,0.8395344952489497,-0.0016280951858062,-0.848696,47.08,20.0,0.0
NEW-THYROID,classf,vns,15,3.0,0.8292295984829005,0.0095194569436372,-0.809321,44.82,20.0,0.0
NEW-THYROID,classf,vns,16,2.0,0.84471664664779,-0.0013372657497644,-0.852968,30.28,20.0,0.0
NEW-THYROID,classf,vns,17,3.0,0.8178845517676794,0.0049567490175303,-0.818576,44.27,20.0,0.0
NEW-THYROID,classf,vns,18,3.0,0.8415731755267444,0.0044224949108954,-0.842719,58.54,20.0,0.0
NEW-THYROID,classf,vns,19,2.0,0.8317621475354053,-0.0016374290237795,-0.842356,40.89,20.0,0.0
NUMBERS2,clust,brkga,0,12.0,0.4390931462371188,,-0.438966,15.03,20.0,0.0
NUMBERS2,clust,brkga,1,13.0,0.4379393462211283,,-0.43294,21.64,20.0,0.0
NUMBERS2,clust,brkga,2,14.0,0.409564451193342,,-0.412397,26.56,20.0,0.0
NUMBERS2,clust,brkga,3,10.0,0.4417816394889892,,-0.43865,51.89,20.0,0.0
NUMBERS2,clust,brkga,4,7.0,0.4206542642563441,,-0.417173,16.24,20.0,0.0
NUMBERS2,clust,brkga,5,9.0,0.4151216806488085,,-0.399,59.55,20.0,0.0
NUMBERS2,clust,brkga,6,9.0,0.3828386715864336,,-0.393196,60.61,20.0,0.0
NUMBERS2,clust,brkga,7,8.0,0.4487913773400424,,-0.456679,59.4,20.0,0.0
NUMBERS2,clust,brkga,8,8.0,0.4678481509487802,,-0.484831,36.15,20.0,0.0
NUMBERS2,clust,brkga,9,8.0,0.4465137511940691,,-0.45863,32.33,20.0,0.0
NUMBERS2,clust,brkga,10,8.0,0.4088629208525037,,-0.413643,33.34,20.0,0.0
NUMBERS2,clust,brkga,11,8.0,0.4269666318224585,,-0.432352,62.19,20.0,0.0
NUMBERS2,clust,brkga,12,8.0,0.4344679910556899,,-0.430489,22.18,20.0,0.0
NUMBERS2,clust,brkga,13,8.0,0.4056000404698111,,-0.41631,61.37,20.0,0.0
NUMBERS2,clust,brkga,14,12.0,0.4468815198958804,,-0.434375,59.2,20.0,0.0
NUMBERS2,clust,brkga,15,8.0,0.4278057464208463,,-0.419545,33.5,20.0,0.0
NUMBERS2,clust,brkga,16,9.0,0.4100255131510953,,-0.422798,35.13,20.0,0.0
NUMBERS2,clust,brkga,17,12.0,0.3949190725880577,,-0.421818,26.95,20.0,0.0
NUMBERS2,clust,brkga,18,9.0,0.4336923995828876,,-0.446175,61.29,20.0,0.0
NUMBERS2,clust,brkga,19,7.0,0.4401699648355042,,-0.4355,22.84,20.0,0.0
NUMBERS2,clust,ils,0,8.0,0.4916951004418269,,-0.504682,61.43,20.0,0.0
NUMBERS2,clust,ils,1,11.0,0.4933033664119498,,-0.48632,57.8,20.0,0.0
NUMBERS2,clust,ils,2,8.0,0.4628238361203322,,-0.473845,57.7,20.0,0.0
NUMBERS2,clust,ils,3,8.0,0.4940284703693219,,-0.508592,50.6,20.0,0.0
NUMBERS2,clust,ils,4,5.0,0.464273099478408,,-0.451185,59.26,20.0,0.0
NUMBERS2,clust,ils,5,11.0,0.4991570563306398,,-0.493727,51.72,20.0,0.0
NUMBERS2,clust,ils,6,8.0,0.454661354263935,,-0.467609,54.85,20.0,0.0
NUMBERS2,clust,ils,7,8.0,0.4813081848822322,,-0.494936,59.83,20.0,0.0
NUMBERS2,clust,ils,8,5.0,0.4697037856109233,,-0.45477,61.89,20.0,0.0
NUMBERS2,clust,ils,9,8.0,0.4833585521718869,,-0.492675,61.44,20.0,0.0
NUMBERS2,clust,ils,10,5.0,0.4715513093322059,,-0.460839,52.38,20.0,0.0
NUMBERS2,clust,ils,11,8.0,0.4830135607509831,,-0.491705,62.77,20.0,0.0
NUMBERS2,clust,ils,12,5.0,0.3588261467540473,,-0.382612,42.55,20.0,0.0
NUMBERS2,clust,ils,13,8.0,0.4690091066771037,,-0.482154,60.75,20.0,0.0
NUMBERS2,clust,ils,14,11.0,0.5105945085978519,,-0.502462,60.1,20.0,0.0
NUMBERS2,clust,ils,15,8.0,0.482792479981371,,-0.492996,51.63,20.0,0.0
NUMBERS2,clust,ils,16,8.0,0.4893579381589658,,-0.500856,60.61,20.0,0.0
NUMBERS2,clust,ils,17,10.0,0.4289110137108671,,-0.453125,54.7,20.0,0.0
NUMBERS2,clust,ils,18,10.0,0.5001493180399494,,-0.497916,25.47,20.0,0.0
NUMBERS2,clust,ils,19,8.0,0.4990337555906618,,-0.508023,52.43,20.0,0.0
NUMBERS2,clust,vns,0,9.0,0.4446231004184457,,-0.429696,60.09,20.0,0.0
NUMBERS2,clust,vns,1,12.0,0.4830543959652968,,-0.489839,63.54,20.0,0.0
NUMBERS2,clust,vns,2,7.0,0.4675201705414465,,-0.471463,54.38,20.0,0.0
NUMBERS2,clust,vns,3,14.0,0.47359031301907,,-0.465509,48.94,20.0,0.0
NUMBERS2,clust,vns,4,8.0,0.4758740022971823,,-0.481067,55.62,20.0,0.0
NUMBERS2,clust,vns,5,8.0,0.4695574286701286,,-0.462757,36.51,20.0,0.0
NUMBERS2,clust,vns,6,6.0,0.3549062172692041,,-0.388759,58.01,20.0,0.0
NUMBERS2,clust,vns,7,10.0,0.4459124881525696,,-0.458404,62.69,20.0,0.0
NUMBERS2,clust,vns,8,11.0,0.4744056291634349,,-0.464212,56.23,20.0,0.0
NUMBERS2,clust,vns,9,9.0,0.4692726922901812,,-0.47624,22.71,20.0,0.0
NUMBERS2,clust,vns,10,8.0,0.4826346636859334,,-0.502109,46.32,20.0,0.0
NUMBERS2,clust,vns,11,10.0,0.461056176281845,,-0.483003,49.33,20.0,0.0
NUMBERS2,clust,vns,12,7.0,0.4662684511779008,,-0.469526,62.2,20.0,0.0
NUMBERS2,clust,vns,13,10.0,0.4520925448371503,,-0.473283,61.52,20.0,0.0
NUMBERS2,clust,vns,14,9.0,0.4169887440993471,,-0.445937,18.31,20.0,0.0
NUMBERS2,clust,vns,15,8.0,0.4916711453575105,,-0.500766,54.81,20.0,0.0
NUMBERS2,clust,vns,16,14.0,0.4851410457047556,,-0.488602,34.75,20.0,0.0
NUMBERS2,clust,vns,17,13.0,0.4393337740950174,,-0.427277,44.3,20.0,0.0
NUMBERS2,clust,vns,18,8.0,0.4710676662605005,,-0.482163,58.59,20.0,0.0
NUMBERS2,clust,vns,19,16.0,0.4626133011698368,,-0.470891,62.49,20.0,0.0
OUTLIERS,clust,brkga,0,2.0,0.5534377989653642,,-0.538241,30.93,20.0,0.0
OUTLIERS,clust,brkga,1,2.0,0.5540362669529894,,-0.538747,19.02,20.0,0.0
OUTLIERS,clust,brkga,2,2.0,0.557339752503196,,-0.539417,59.99,20.0,0.0
OUTLIERS,clust,brkga,3,2.0,0.5780803967663116,,-0.561451,49.79,20.0,0.0
OUTLIERS,clust,brkga,4,2.0,0.5722235470294909,,-0.553722,31.52,20.0,0.0
OUTLIERS,clust,brkga,5,2.0,0.5539701929047691,,-0.538592,60.53,20.0,0.0
OUTLIERS,clust,brkga,6,2.0,0.5776857948938934,,-0.558042,55.73,20.0,0.0
OUTLIERS,clust,brkga,7,2.0,0.5606573283918359,,-0.542569,26.74,20.0,0.0
OUTLIERS,clust,brkga,8,2.0,0.5716619391436991,,-0.560799,29.88,20.0,0.0
OUTLIERS,clust,brkga,9,1.0,,,-0.540627,59.03,20.0,0.0
OUTLIERS,clust,brkga,10,2.0,0.5722235470294909,,-0.553722,32.28,20.0,0.0
OUTLIERS,clust,brkga,11,2.0,0.5598694105997548,,-0.544727,57.78,20.0,0.0
OUTLIERS,clust,brkga,12,2.0,0.552589488551217,,-0.537383,59.2,20.0,0.0
OUTLIERS,clust,brkga,13,2.0,0.5806983914537251,,-0.564891,59.12,20.0,0.0
OUTLIERS,clust,brkga,14,2.0,0.5589260011979686,,-0.544763,59.41,20.0,0.0
OUTLIERS,clust,brkga,15,2.0,0.5645201647898341,,-0.547522,26.8,20.0,0.0
OUTLIERS,clust,brkga,16,2.0,0.5662862681275806,,-0.550776,30.31,20.0,0.0
OUTLIERS,clust,brkga,17,2.0,0.5589260011979686,,-0.544763,8.63,20.0,0.0
OUTLIERS,clust,brkga,18,2.0,0.5539701929047691,,-0.538592,56.83,20.0,0.0
OUTLIERS,clust,brkga,19,1.0,,,-0.54475,59.23,20.0,0.0
OUTLIERS,clust,ils,0,2.0,0.5685228753739269,,-0.556569,57.14,20.0,0.0
OUTLIERS,clust,ils,1,1.0,,,-0.537133,37.72,20.0,0.0
OUTLIERS,clust,ils,2,2.0,0.5635994858405063,,-0.542778,53.79,20.0,0.0
OUTLIERS,clust,ils,3,2.0,0.5369067214994239,,-0.521526,46.24,20.0,0.0
OUTLIERS,clust,ils,4,2.0,0.5770653160829308,,-0.559969,60.44,20.0,0.0
OUTLIERS,clust,ils,5,1.0,,,-0.540634,61.83,20.0,0.0
OUTLIERS,clust,ils,6,2.0,0.531021583690268,,-0.513493,56.86,20.0,0.0
OUTLIERS,clust,ils,7,1.0,,,-0.516918,44.45,20.0,0.0
OUTLIERS,clust,ils,8,2.0,0.5620648485802772,,-0.547842,61.38,20.0,0.0
OUTLIERS,clust,ils,9,2.0,0.5521398176048156,,-0.542507,19.56,20.0,0.0
OUTLIERS,clust,ils,10,2.0,0.533343477639705,,-0.515432,48.29,20.0,0.0
OUTLIERS,clust,ils,11,2.0,0.5564652834798628,,-0.540416,46.63,20.0,0.0
OUTLIERS,clust,ils,12,2.0,0.5656142332962676,,-0.552225,16.03,20.0,0.0
OUTLIERS,clust,ils,13,1.0,,,-0.532335,57.74,20.0,0.0
OUTLIERS,clust,ils,14,1.0,,,-0.547927,20.33,20.0,0.0
OUTLIERS,clust,ils,15,1.0,,,-0.511668,22.33,20.0,0.0
OUTLIERS,clust,ils,16,2.0,0.5720348831030589,,-0.557698,54.96,20.0,0.0
OUTLIERS,clust,ils,17,2.0,0.5584419497772203,,-0.542205,37.63,20.0,0.0
OUTLIERS,clust,ils,18,3.0,0.2927996943324339,,-0.561659,53.5,20.0,0.0
OUTLIERS,clust,ils,19,2.0,0.5328845453405848,,-0.514756,59.6,20.0,0.0
OUTLIERS,clust,vns,0,2.0,0.5770653160829308,,-0.559969,54.82,20.0,0.0
OUTLIERS,clust,vns,1,2.0,0.5647577493799342,,-0.545787,46.4,20.0,0.0
OUTLIERS,clust,vns,2,2.0,0.5728478131061975,,-0.552503,42.19,20.0,0.0
OUTLIERS,clust,vns,3,2.0,0.5486301572461264,,-0.531949,58.5,20.0,0.0
OUTLIERS,clust,vns,4,2.0,0.5662862681275806,,-0.550776,38.86,20.0,0.0
OUTLIERS,clust,vns,5,1.0,,,-0.541992,16.96,20.0,0.0
OUTLIERS,clust,vns,6,1.0,,,-0.500464,57.26,20.0,0.0
OUTLIERS,clust,vns,7,2.0,0.5606573283918359,,-0.542569,28.18,20.0,0.0
OUTLIERS,clust,vns,8,2.0,0.5599388485410285,,-0.544937,55.88,20.0,0.0
OUTLIERS,clust,vns,9,2.0,0.5585599026059164,,-0.547758,54.17,20.0,0.0
OUTLIERS,clust,vns,10,1.0,,,-0.494158,43.69,20.0,0.0
OUTLIERS,clust,vns,11,2.0,0.558537915036002,,-0.543918,34.62,20.0,0.0
OUTLIERS,clust,vns,12,2.0,0.5775689074198717,,-0.557631,51.33,20.0,0.0
OUTLIERS,clust,vns,13,2.0,0.5752931455721438,,-0.56666,34.65,20.0,0.0
OUTLIERS,clust,vns,14,1.0,,,-0.537096,22.83,20.0,0.0
OUTLIERS,clust,vns,15,2.0,0.5409956462344438,,-0.526243,30.69,20.0,0.0
OUTLIERS,clust,vns,16,2.0,0.5670858142070787,,-0.554392,61.55,20.0,0.0
OUTLIERS,clust,vns,17,2.0,0.5467776195249641,,-0.5273,10.28,20.0,0.0
OUTLIERS,clust,vns,18,3.0,0.3961050748717919,,-0.40455,36.92,20.0,0.0
OUTLIERS,clust,vns,19,2.0,0.5599694071604778,,-0.544977,61.3,20.0,0.0
PARKINSONS,clust,brkga,0,2.0,0.6230771629887042,,-0.683763,61.87,20.0,0.0
PARKINSONS,clust,brkga,1,2.0,0.6165992863949769,,-0.676839,30.92,20.0,0.0
PARKINSONS,clust,brkga,2,2.0,0.6052105808047701,,-0.659612,53.95,20.0,0.0
PARKINSONS,clust,brkga,3,2.0,0.616450093514798,,-0.679418,55.92,20.0,0.0
PARKINSONS,clust,brkga,4,2.0,0.6737254117157575,,-0.655634,11.52,20.0,0.0
PARKINSONS,clust,brkga,5,2.0,0.6132280945322638,,-0.669592,29.94,20.0,0.0
PARKINSONS,clust,brkga,6,2.0,0.6077688418552251,,-0.66824,26.79,20.0,0.0
PARKINSONS,clust,brkga,7,2.0,0.6251990652665494,,-0.682718,59.61,20.0,0.0
PARKINSONS,clust,brkga,8,2.0,0.6187903855939304,,-0.681985,61.53,20.0,0.0
PARKINSONS,clust,brkga,9,2.0,0.6199888331354761,,-0.681658,31.8,20.0,0.0
PARKINSONS,clust,brkga,10,2.0,0.6165992863949769,,-0.676839,26.82,20.0,0.0
PARKINSONS,clust,brkga,11,2.0,0.618713553614733,,-0.684123,32.55,20.0,0.0
PARKINSONS,clust,brkga,12,2.0,0.6176099887874712,,-0.679198,62.59,20.0,0.0
PARKINSONS,clust,brkga,13,2.0,0.6177106476092717,,-0.680763,29.72,20.0,0.0
PARKINSONS,clust,brkga,14,2.0,0.6176099887874712,,-0.679198,23.19,20.0,0.0
PARKINSONS,clust,brkga,15,2.0,0.616450093514798,,-0.679418,49.18,20.0,0.0
PARKINSONS,clust,brkga,16,2.0,0.609310102334015,,-0.676946,53.49,20.0,0.0
PARKINSONS,clust,brkga,17,2.0,0.6132280945322638,,-0.669592,24.79,20.0,0.0
PARKINSONS,clust,brkga,18,2.0,0.6154642180359584,,-0.677064,55.39,20.0,0.0
PARKINSONS,clust,brkga,19,2.0,0.6217774671166792,,-0.675446,62.68,20.0,0.0
PARKINSONS,clust,ils,0,2.0,0.6869463009707778,,-0.669153,48.33,20.0,0.0
PARKINSONS,clust,ils,1,2.0,0.6238061633576542,,-0.693135,17.46,20.0,0.0
PARKINSONS,clust,ils,2,2.0,0.6720546305125261,,-0.668779,52.53,20.0,0.0
PARKINSONS,clust,ils,3,2.0,0.6179301978650669,,-0.682196,61.26,20.0,0.0
PARKINSONS,clust,ils,4,2.0,0.61061425515204,,-0.593221,59.73,20.0,0.0
PARKINSONS,clust,ils,5,2.0,0.6203147436692245,,-0.572938,20.66,20.0,0.0
PARKINSONS,clust,ils,6,2.0,0.6086412469002968,,-0.560036,51.96,20.0,0.0
PARKINSONS,clust,ils,7,2.0,0.6303224724050349,,-0.626589,46.22,20.0,0.0
PARKINSONS,clust,ils,8,2.0,0.6231022110157284,,-0.691347,57.58,20.0,0.0
PARKINSONS,clust,ils,9,2.0,0.6194159529998162,,-0.6862,18.2,20.0,0.0
PARKINSONS,clust,ils,10,2.0,0.6334261867297432,,-0.623421,45.84,20.0,0.0
PARKINSONS,clust,ils,11,2.0,0.6289109567981144,,-0.694005,50.63,20.0,0.0
PARKINSONS,clust,ils,12,2.0,0.6323624905783191,,-0.623866,49.28,20.0,0.0
PARKINSONS,clust,ils,13,2.0,0.6323624905783191,,-0.623866,13.9,20.0,0.0
PARKINSONS,clust,ils,14,2.0,0.4554061844758291,,-0.643031,11.35,20.0,0.0
PARKINSONS,clust,ils,15,2.0,0.6154642180359584,,-0.677064,59.36,20.0,0.0
PARKINSONS,clust,ils,16,2.0,0.6231022110157284,,-0.691347,48.06,20.0,0.0
PARKINSONS,clust,ils,17,3.0,0.6205300960208284,,-0.565549,18.23,20.0,0.0
PARKINSONS,clust,ils,18,2.0,0.6203027787921658,,-0.688159,60.5,20.0,0.0
PARKINSONS,clust,ils,19,2.0,0.5709362403398898,,-0.560067,38.4,20.0,0.0
PARKINSONS,clust,vns,0,2.0,0.566866326386889,,-0.616971,0.59,20.0,0.0
PARKINSONS,clust,vns,1,2.0,0.5694660342302122,,-0.547446,23.14,20.0,0.0
PARKINSONS,clust,vns,2,3.0,0.6021910274800318,,-0.549963,60.08,20.0,0.0
PARKINSONS,clust,vns,3,2.0,0.6195258610999753,,-0.570482,39.28,20.0,0.0
PARKINSONS,clust,vns,4,3.0,0.4925281681560942,,-0.546925,24.97,20.0,0.0
PARKINSONS,clust,vns,5,2.0,0.618713553614733,,-0.684123,51.11,20.0,0.0
PARKINSONS,clust,vns,6,2.0,0.6231022110157284,,-0.691347,16.19,20.0,0.0
PARKINSONS,clust,vns,7,2.0,0.6273882333311238,,-0.699901,36.23,20.0,0.0
PARKINSONS,clust,vns,8,2.0,0.6254198958581065,,-0.695618,58.4,20.0,0.0
PARKINSONS,clust,vns,9,2.0,0.6443447080165339,,-0.63578,42.28,20.0,0.0
PARKINSONS,clust,vns,10,2.0,0.6310783811057168,,-0.62937,59.49,20.0,0.0
PARKINSONS,clust,vns,11,2.0,0.6323624905783191,,-0.623866,37.17,20.0,0.0
PARKINSONS,clust,vns,12,2.0,0.6041937337727631,,-0.573577,49.58,20.0,0.0
PARKINSONS,clust,vns,13,2.0,0.6031380698996829,,-0.58708,19.11,20.0,0.0
PARKINSONS,clust,vns,14,2.0,0.6231022110157284,,-0.691347,61.96,20.0,0.0
PARKINSONS,clust,vns,15,3.0,0.4158608977710348,,-0.509716,18.3,20.0,0.0
PARKINSONS,clust,vns,16,2.0,0.6142849079804958,,-0.5634,54.43,20.0,0.0
PARKINSONS,clust,vns,17,2.0,0.6273808368661459,,-0.574502,37.86,20.0,0.0
PARKINSONS,clust,vns,18,2.0,0.605723336154298,,-0.556391,27.42,20.0,0.0
PARKINSONS,clust,vns,19,2.0,0.6637271991198679,,-0.649327,26.99,20.0,0.0
PATHBASED,classf,brkga,0,3.0,0.4487115975958882,0.3792144211417349,-0.441338,14.12,20.0,0.0
PATHBASED,classf,brkga,1,3.0,0.426623596802927,0.3455237916118112,-0.425207,35.2,20.0,0.0
PATHBASED,classf,brkga,2,4.0,0.4384584050218859,0.3879226317281855,-0.437468,60.5,20.0,0.0
PATHBASED,classf,brkga,3,4.0,0.3313746535821233,0.3579660559006384,-0.421144,54.32,20.0,0.0
PATHBASED,classf,brkga,4,4.0,0.4420793309131003,0.3755125572704107,-0.437252,57.76,20.0,0.0
PATHBASED,classf,brkga,5,4.0,0.4409077530317465,0.3773490485845989,-0.436647,29.45,20.0,0.0
PATHBASED,classf,brkga,6,2.0,0.4195157814082922,0.0811566438338615,-0.418667,11.67,20.0,0.0
PATHBASED,classf,brkga,7,3.0,0.442238436425366,0.4091433838977532,-0.444341,46.33,20.0,0.0
PATHBASED,classf,brkga,8,4.0,0.4389833286135066,0.3826624416931292,-0.436277,60.36,20.0,0.0
PATHBASED,classf,brkga,9,4.0,0.4168733019778644,0.2998571976050689,-0.414644,51.91,20.0,0.0
PATHBASED,classf,brkga,10,5.0,0.4246050980372741,0.3773274148262922,-0.424518,30.09,20.0,0.0
PATHBASED,classf,brkga,11,5.0,0.4309003554829763,0.3402323600942125,-0.428192,60.61,20.0,0.0
PATHBASED,classf,brkga,12,7.0,0.2721615880033034,0.3658756880458102,-0.425892,0.31,20.0,0.0
PATHBASED,classf,brkga,13,4.0,0.4203413457095519,0.3502893638572018,-0.419492,29.96,20.0,0.0
PATHBASED,classf,brkga,14,5.0,0.4383274450068886,0.39513035085825,-0.438985,60.65,20.0,0.0
PATHBASED,classf,brkga,15,3.0,0.4482298128835835,0.3752735421742569,-0.434627,33.37,20.0,0.0
PATHBASED,classf,brkga,16,4.0,0.437431650801906,0.4267454233634074,-0.437604,22.47,20.0,0.0
PATHBASED,classf,brkga,17,4.0,0.4269156657217867,0.3814376746356769,-0.424363,52.68,20.0,0.0
PATHBASED,classf,brkga,18,4.0,0.4385051481139079,0.3897002541934722,-0.435463,29.11,20.0,0.0
PATHBASED,classf,brkga,19,4.0,0.4496288601050441,0.3501711120488566,-0.44508,57.8,20.0,0.0
PATHBASED,classf,ils,0,4.0,0.4744,0.4382,,,20.0,
PATHBASED,classf,ils,1,5.0,0.3379078157423172,0.3645142971560125,-0.424603,44.67,20.0,0.0
PATHBASED,classf,ils,2,4.0,0.2859653528180076,0.3200366346924466,-0.460498,44.05,20.0,0.0
PATHBASED,classf,ils,3,4.0,0.431451407462971,0.3832368751853177,-0.431438,61.02,20.0,0.0
PATHBASED,classf,ils,4,5.0,0.4244502967671825,0.3605169075237248,-0.425853,51.48,20.0,0.0
PATHBASED,classf,ils,5,5.0,0.4311598959715103,0.3965560284873601,-0.432157,44.66,20.0,0.0
PATHBASED,classf,ils,6,4.0,0.4713819940738925,0.4550675967103131,-0.469239,54.22,20.0,0.0
PATHBASED,classf,ils,7,5.0,0.4077069092239144,0.3869135302409358,-0.45198,34.38,20.0,0.0
PATHBASED,classf,ils,8,4.0,0.458854858714147,0.4548198434178567,-0.458723,19.98,20.0,0.0
PATHBASED,classf,ils,9,3.0,0.4583105262975341,0.3877062230783306,-0.452358,16.21,20.0,0.0
PATHBASED,classf,ils,10,5.0,0.4552857646525102,0.4183162811587909,-0.455872,23.39,20.0,0.0
PATHBASED,classf,ils,11,3.0,0.4260879000059072,0.3753084276379502,-0.430121,51.62,20.0,0.0
PATHBASED,classf,ils,12,3.0,0.4897901694299264,0.4498760195702865,-0.487227,55.2,20.0,0.0
PATHBASED,classf,ils,13,4.0,0.4351744936218061,0.4159623513087994,-0.441983,31.95,20.0,0.0
PATHBASED,classf,ils,14,4.0,0.3060326901337354,0.3346835023554653,-0.416689,0.33,20.0,0.0
PATHBASED,classf,ils,15,5.0,0.4683097859215983,0.4374383875693428,-0.470301,45.2,20.0,0.0
PATHBASED,classf,ils,16,5.0,0.4686510222859552,0.4345529576609042,-0.473329,58.24,20.0,0.0
PATHBASED,classf,ils,17,3.0,0.469896807468369,0.3988559542381695,-0.463713,41.87,20.0,0.0
PATHBASED,classf,ils,18,4.0,0.3827861543207915,0.3811969259511062,-0.453747,5.06,20.0,0.0
PATHBASED,classf,ils,19,3.0,0.4495914139710677,0.3954400236433154,-0.449035,48.41,20.0,0.0
PATHBASED,classf,vns,0,5.0,0.4374892990629682,0.4163777076078616,-0.438491,52.53,20.0,0.0
PATHBASED,classf,vns,1,4.0,0.4465285637894869,0.3812046238054525,-0.444927,31.23,20.0,0.0
PATHBASED,classf,vns,2,4.0,0.4502590825611179,0.3992964234863453,-0.447632,59.99,20.0,0.0
PATHBASED,classf,vns,3,4.0,0.464486045106886,0.4093080157495269,-0.460873,22.62,20.0,0.0
PATHBASED,classf,vns,4,5.0,0.4581114749688914,0.4068456049623325,-0.459799,41.31,20.0,0.0
PATHBASED,classf,vns,5,5.0,0.4237400855191056,0.3688276173062714,-0.425688,54.51,20.0,0.0
PATHBASED,classf,vns,6,4.0,0.4313829684417436,0.3444503121113227,-0.431388,14.49,20.0,0.0
PATHBASED,classf,vns,7,5.0,0.4323278781787533,0.418845297379825,-0.43646,56.27,20.0,0.0
PATHBASED,classf,vns,8,5.0,0.4448094144532443,0.4012915989388417,-0.442513,24.98,20.0,0.0
PATHBASED,classf,vns,9,4.0,0.4612221689936757,0.4304368256992525,-0.457141,38.92,20.0,0.0
PATHBASED,classf,vns,10,4.0,0.4735805481583403,0.4423186479145545,-0.473419,60.32,20.0,0.0
PATHBASED,classf,vns,11,3.0,0.4635400185804034,0.3877107663617863,-0.461043,61.26,20.0,0.0
PATHBASED,classf,vns,12,4.0,0.4207563934655461,0.4002905766132291,-0.453178,41.71,20.0,0.0
PATHBASED,classf,vns,13,3.0,0.4521149179758106,0.3767094635863802,-0.450156,48.94,20.0,0.0
PATHBASED,classf,vns,14,5.0,0.4782054286609332,0.4319281294335395,-0.473463,61.72,20.0,0.0
PATHBASED,classf,vns,15,4.0,0.4523215681396698,0.4009597186609488,-0.451442,22.63,20.0,0.0
PATHBASED,classf,vns,16,5.0,0.3534365734651548,0.3720657931122576,-0.438749,48.2,20.0,0.0
PATHBASED,classf,vns,17,5.0,0.4029988691984041,0.4193744395393449,-0.472127,61.11,20.0,0.0
PATHBASED,classf,vns,18,6.0,0.3634925920757785,0.3950346068950906,-0.441449,62.38,20.0,0.0
PATHBASED,classf,vns,19,3.0,0.4530499431939351,0.3895630264876537,-0.452504,56.96,20.0,0.0
PIMA-INDIANS,classf,brkga,0,2.0,0.4423387005568518,0.0064227477746861,-0.50358,60.0,20.0,0.0
PIMA-INDIANS,classf,brkga,1,3.0,0.4067582452570421,0.1539908380511377,-0.383536,31.21,20.0,0.0
PIMA-INDIANS,classf,brkga,2,3.0,0.3858093651156253,0.1344232734129295,-0.371505,36.06,20.0,0.0
PIMA-INDIANS,classf,brkga,3,2.0,0.3671867816643604,-0.0071800245097555,-0.484371,29.39,20.0,0.0
PIMA-INDIANS,classf,brkga,4,3.0,0.390376322330491,0.1550318332531018,-0.380021,33.02,20.0,0.0
PIMA-INDIANS,classf,brkga,5,3.0,0.3898337435471681,0.0592213067900686,-0.36384,15.44,20.0,0.0
PIMA-INDIANS,classf,brkga,6,3.0,0.4020813195618822,0.146464332879824,-0.381854,62.16,20.0,0.0
PIMA-INDIANS,classf,brkga,7,2.0,0.3407317222134379,-0.0071221318848968,-0.452943,34.13,20.0,0.0
PIMA-INDIANS,classf,brkga,8,3.0,0.400551118037246,0.1547683517069922,-0.381969,19.71,20.0,0.0
PIMA-INDIANS,classf,brkga,9,2.0,0.4703420003937298,0.0792512679260471,-0.37955,10.89,20.0,0.0
PIMA-INDIANS,classf,brkga,10,2.0,0.3909690607802778,0.0120244223764912,-0.457833,25.81,20.0,0.0
PIMA-INDIANS,classf,brkga,11,3.0,0.4198897230127467,0.1244721866682433,-0.375841,62.17,20.0,0.0
PIMA-INDIANS,classf,brkga,12,3.0,0.4029734894196637,0.1504106546232041,-0.385038,35.49,20.0,0.0
PIMA-INDIANS,classf,brkga,13,2.0,0.4242089070484017,0.0040480593746162,-0.46846,59.56,20.0,0.0
PIMA-INDIANS,classf,brkga,14,3.0,0.4039649336123587,0.1364020139791444,-0.383773,27.16,20.0,0.0
PIMA-INDIANS,classf,brkga,15,2.0,0.3359238275265641,-0.0083769045256077,-0.449776,25.46,20.0,0.0
PIMA-INDIANS,classf,brkga,16,2.0,0.3603076232015142,-0.0061795811917414,-0.47556,33.43,20.0,0.0
PIMA-INDIANS,classf,brkga,17,2.0,0.4042644400933937,0.005230524535273,-0.44485,34.53,20.0,0.0
PIMA-INDIANS,classf,brkga,18,2.0,0.2873921969466924,-0.0137686435098671,-0.41038,56.3,20.0,0.0
PIMA-INDIANS,classf,brkga,19,2.0,0.3673688908798161,-0.0048858781866958,-0.474715,34.77,20.0,0.0
PIMA-INDIANS,classf,ils,0,2.0,0.4462576968121202,0.0066089383806498,-0.497831,28.43,20.0,0.0
PIMA-INDIANS,classf,ils,1,2.0,0.3788811813593892,-0.0050593115320347,-0.506217,52.23,20.0,0.0
PIMA-INDIANS,classf,ils,2,3.0,0.4278942719822846,0.1437608919215534,-0.400988,62.94,20.0,0.0
PIMA-INDIANS,classf,ils,3,5.0,0.3828239654088181,0.1027552844822794,-0.375935,24.55,20.0,0.0
PIMA-INDIANS,classf,ils,4,2.0,0.416656945122084,0.0013677074796206,-0.508515,20.79,20.0,0.0
PIMA-INDIANS,classf,ils,5,3.0,0.4448355575474859,0.0780698448666972,-0.387788,55.35,20.0,0.0
PIMA-INDIANS,classf,ils,6,5.0,0.2407155501214921,0.1430591549547167,-0.4022,60.73,20.0,0.0
PIMA-INDIANS,classf,ils,7,3.0,0.4053560995846966,0.1566687118947423,-0.392942,61.15,20.0,0.0
PIMA-INDIANS,classf,ils,8,2.0,0.4229228473399131,-0.0018169278762963,-0.512374,36.54,20.0,0.0
PIMA-INDIANS,classf,ils,9,3.0,0.2796361238696576,0.1355865002705325,-0.351921,52.37,20.0,0.0
PIMA-INDIANS,classf,ils,10,2.0,0.4117984592484738,0.0052543810334849,-0.45703,62.15,20.0,0.0
PIMA-INDIANS,classf,ils,11,4.0,0.4036935625309898,0.1361453291769636,-0.406025,43.53,20.0,0.0
PIMA-INDIANS,classf,ils,12,3.0,0.389636016507655,0.1442670960050965,-0.38228,31.2,20.0,0.0
PIMA-INDIANS,classf,ils,13,2.0,0.3741332746862436,-0.0074751710617905,-0.502777,43.46,20.0,0.0
PIMA-INDIANS,classf,ils,14,3.0,0.4184605588387983,0.1473158931481153,-0.398726,48.75,20.0,0.0
PIMA-INDIANS,classf,ils,15,4.0,0.3213664401453847,0.1551708022963332,-0.387263,20.67,20.0,0.0
PIMA-INDIANS,classf,ils,16,3.0,0.4141308434065031,0.1495668554299705,-0.390032,52.02,20.0,0.0
PIMA-INDIANS,classf,ils,17,3.0,0.4076571518904509,0.1611306559163916,-0.401545,55.79,20.0,0.0
PIMA-INDIANS,classf,ils,18,3.0,0.4094627363726585,0.1496850698136117,-0.39565,61.21,20.0,0.0
PIMA-INDIANS,classf,ils,19,2.0,0.3961334206541876,0.0831022439183349,-0.355908,54.77,20.0,0.0
PIMA-INDIANS,classf,vns,0,5.0,0.3079598271749045,0.0838844659011445,-0.3575,52.82,20.0,0.0
PIMA-INDIANS,classf,vns,1,4.0,0.3686994616258857,0.1017456968871775,-0.369691,59.45,20.0,0.0
PIMA-INDIANS,classf,vns,2,3.0,0.407184381869364,0.1505674480713315,-0.393939,59.09,20.0,0.0
PIMA-INDIANS,classf,vns,3,2.0,0.4729793449742921,0.0907678328368029,-0.380289,37.6,20.0,0.0
PIMA-INDIANS,classf,vns,4,2.0,0.4735730733267004,0.0855021964887903,-0.382144,57.47,20.0,0.0
PIMA-INDIANS,classf,vns,5,3.0,0.4217768812708199,0.1349356783336522,-0.389189,55.17,20.0,0.0
PIMA-INDIANS,classf,vns,6,2.0,0.4736885980268376,0.0883460812383296,-0.380281,54.58,20.0,0.0
PIMA-INDIANS,classf,vns,7,5.0,0.3459383388849782,0.1409574858840257,-0.399653,57.71,20.0,0.0
PIMA-INDIANS,classf,vns,8,3.0,0.3815002893993887,0.15947802332741,-0.382943,49.16,20.0,0.0
PIMA-INDIANS,classf,vns,9,2.0,0.4725715368055152,0.0935003372094264,-0.382973,54.63,20.0,0.0
PIMA-INDIANS,classf,vns,10,4.0,0.3265290232200591,0.1409304715784866,-0.379991,33.96,20.0,0.0
PIMA-INDIANS,classf,vns,11,3.0,0.403542731450134,0.1530536497430447,-0.389666,49.79,20.0,0.0
PIMA-INDIANS,classf,vns,12,2.0,0.443432527016419,0.006612483909011,-0.49758,25.43,20.0,0.0
PIMA-INDIANS,classf,vns,13,3.0,0.4351757441071678,0.150217986562709,-0.410193,62.16,20.0,0.0
PIMA-INDIANS,classf,vns,14,2.0,0.4785870916015887,0.0839504259907169,-0.384099,24.91,20.0,0.0
PIMA-INDIANS,classf,vns,15,3.0,0.4102270320731674,0.1503429758273778,-0.385873,57.38,20.0,0.0
PIMA-INDIANS,classf,vns,16,4.0,0.2049722059683926,0.1473570640777114,-0.393074,59.64,20.0,0.0
PIMA-INDIANS,classf,vns,17,3.0,0.4133154708290545,0.1501922273761068,-0.397279,60.24,20.0,0.0
PIMA-INDIANS,classf,vns,18,3.0,0.4076005787981775,0.1509331301277426,-0.392518,62.59,20.0,0.0
PIMA-INDIANS,classf,vns,19,2.0,0.4530368249469583,0.006472849332699,-0.522476,45.03,20.0,0.0
R15,classf,brkga,0,8.0,0.6472536185129705,0.2626181375260147,-0.647502,26.16,20.0,0.0
R15,classf,brkga,1,8.0,0.6505051471204674,0.2586270149637567,-0.650746,17.55,20.0,0.0
R15,classf,brkga,2,8.0,0.6429265211192298,0.2607719326290809,-0.643173,53.06,20.0,0.0
R15,classf,brkga,3,9.0,0.5872450699963931,0.2604357938944298,-0.633301,30.61,20.0,0.0
R15,classf,brkga,4,15.0,0.6111615903346511,0.791543252920083,-0.609163,14.11,20.0,0.0
R15,classf,brkga,5,8.0,0.6284674392029027,0.2563276260573932,-0.628731,51.93,20.0,0.0
R15,classf,brkga,6,8.0,0.6454389182753341,0.2622194227403368,-0.645696,31.98,20.0,0.0
R15,classf,brkga,7,12.0,0.5726556779806822,0.6166036887891303,-0.615138,51.62,20.0,0.0
R15,classf,brkga,8,8.0,0.6555671822344974,0.2642607202879566,-0.655832,30.87,20.0,0.0
R15,classf,brkga,9,8.0,0.6546873616068464,0.264583117974331,-0.654883,33.88,20.0,0.0
R15,classf,brkga,10,8.0,0.623794394529737,0.2534888181571652,-0.624056,31.47,20.0,0.0
R15,classf,brkga,11,11.0,0.6275361158517896,0.6699450195436076,-0.628089,61.82,20.0,0.0
R15,classf,brkga,12,8.0,0.6475605264303268,0.2589896233834864,-0.647752,18.5,20.0,0.0
R15,classf,brkga,13,8.0,0.6483110589875036,0.258030891343105,-0.648534,18.83,20.0,0.0
R15,classf,brkga,14,11.0,0.6114427204939508,0.6660768520282071,-0.611465,57.28,20.0,0.0
R15,classf,brkga,15,8.0,0.64580957574863,0.2600870467259412,-0.646019,35.4,20.0,0.0
R15,classf,brkga,16,8.0,0.6478799385100567,0.2600352226291638,-0.648089,18.56,20.0,0.0
R15,classf,brkga,17,8.0,0.6242979999041313,0.2656844495728154,-0.624105,50.71,20.0,0.0
R15,classf,brkga,18,8.0,0.6571644852258113,0.2650920219617335,-0.657405,28.0,20.0,0.0
R15,classf,brkga,19,9.0,0.6024485769643239,0.2567526267600001,-0.645548,18.57,20.0,0.0
R15,classf,ils,0,11.0,0.5537716224041331,0.6904899495543683,-0.556537,46.11,20.0,0.0
R15,classf,ils,1,8.0,0.640647650907564,0.2608552011938518,-0.64079,63.01,20.0,0.0
R15,classf,ils,2,8.0,0.6540004939041256,0.2626765629843351,-0.654217,43.1,20.0,0.0
R15,classf,ils,3,8.0,0.6566152156884496,0.2681560571360043,-0.656843,63.0,20.0,0.0
R15,classf,ils,4,12.0,0.5641634811723117,0.7117417891938208,-0.595136,29.31,20.0,0.0
R15,classf,ils,5,14.0,0.616974589523725,0.7822452135428603,-0.654626,42.18,20.0,0.0
R15,classf,ils,6,8.0,0.6540206563010618,0.2655454941518435,-0.654257,59.24,20.0,0.0
R15,classf,ils,7,9.0,0.6119908031230215,0.2602280314518836,-0.658983,60.51,20.0,0.0
R15,classf,ils,8,11.0,0.6413960367853502,0.6893285086113882,-0.641572,54.61,20.0,0.0
R15,classf,ils,9,8.0,0.657393645277229,0.2642366924478948,-0.65756,51.05,20.0,0.0
R15,classf,ils,10,12.0,0.5541153827499935,0.7264992536902057,-0.552504,59.66,20.0,0.0
R15,classf,ils,11,15.0,0.6995296848180822,0.904370283337978,-0.699853,48.81,20.0,0.0
R15,classf,ils,12,8.0,0.6614012788697654,0.273074684503598,-0.661654,50.81,20.0,0.0
R15,classf,ils,13,8.0,0.6566046124916891,0.2651304928718302,-0.656809,34.23,20.0,0.0
R15,classf,ils,14,8.0,0.6591758781180528,0.2713827232967253,-0.659443,44.15,20.0,0.0
R15,classf,ils,15,11.0,0.5735024999109275,0.5323341351154383,-0.61717,32.95,20.0,0.0
R15,classf,ils,16,8.0,0.654801259605695,0.2694971851887921,-0.654966,40.74,20.0,0.0
R15,classf,ils,17,11.0,0.6421243978740079,0.6835669788764135,-0.64233,61.9,20.0,0.0
R15,classf,ils,18,14.0,0.6176545818274154,0.8159164032703571,-0.656209,58.42,20.0,0.0
R15,classf,ils,19,15.0,0.7152072357806514,0.9291837775518624,-0.715627,63.23,20.0,0.0
R15,classf,vns,0,12.0,0.6317513220127158,0.7517479332999808,-0.633187,54.61,20.0,0.0
R15,classf,vns,1,12.0,0.5711679578395086,0.7018547784271113,-0.573764,60.31,20.0,0.0
R15,classf,vns,2,11.0,0.5763932193455156,0.5648620067206815,-0.618727,60.77,20.0,0.0
R15,classf,vns,3,11.0,0.6455265577215517,0.7076628803444994,-0.645862,37.49,20.0,0.0
R15,classf,vns,4,15.0,0.7099486053178096,0.919662521682057,-0.710281,62.0,20.0,0.0
R15,classf,vns,5,13.0,0.5907939858012898,0.7033124435460874,-0.624455,1.65,20.0,0.0
R15,classf,vns,6,8.0,0.6589064857270945,0.2676216652852641,-0.659137,23.16,20.0,0.0
R15,classf,vns,7,10.0,0.5728776231241222,0.2543961929975302,-0.657959,61.48,20.0,0.0
R15,classf,vns,8,9.0,0.5899500456707362,0.4627593589442909,-0.593636,1.04,20.0,0.0
R15,classf,vns,9,14.0,0.6339374610467792,0.8260816896370813,-0.674262,47.68,20.0,0.0
R15,classf,vns,10,9.0,0.6206080556122632,0.2587513254704739,-0.660827,47.86,20.0,0.0
R15,classf,vns,11,9.0,0.6020524778436425,0.4633521923903696,-0.608733,56.17,20.0,0.0
R15,classf,vns,12,13.0,0.6457737325475827,0.8114104981433953,-0.646801,51.46,20.0,0.0
R15,classf,vns,13,10.0,0.6229827642755527,0.5870766388528402,-0.622909,56.37,20.0,0.0
R15,classf,vns,14,13.0,0.6168793972954486,0.7981256279971822,-0.620755,45.53,20.0,0.0
R15,classf,vns,15,8.0,0.659101616639913,0.2648228569869159,-0.659394,57.98,20.0,0.0
R15,classf,vns,16,12.0,0.6224579384167855,0.7422910448952104,-0.624857,60.84,20.0,0.0
R15,classf,vns,17,8.0,0.6582013241037324,0.2687629958997273,-0.65841,55.15,20.0,0.0
R15,classf,vns,18,10.0,0.6084560259521918,0.5819387995921108,-0.60892,26.11,20.0,0.0
R15,classf,vns,19,15.0,0.7100239966158279,0.9251077358597172,-0.710311,29.84,20.0,0.0
RUSPINI,clust,brkga,0,4.0,0.7768457459828172,,-0.779417,43.89,20.0,0.0
RUSPINI,clust,brkga,1,4.0,0.7855950840502764,,-0.78943,18.36,20.0,0.0
RUSPINI,clust,brkga,2,3.0,0.558029059350178,,-0.780993,13.81,20.0,0.0
RUSPINI,clust,brkga,3,4.0,0.7849096087171308,,-0.786484,54.23,20.0,0.0
RUSPINI,clust,brkga,4,4.0,0.7892050411551643,,-0.790655,47.75,20.0,0.0
RUSPINI,clust,brkga,5,4.0,0.7833606385211488,,-0.786272,28.5,20.0,0.0
RUSPINI,clust,brkga,6,3.0,0.5722073460620306,,-0.785128,23.64,20.0,0.0
RUSPINI,clust,brkga,7,3.0,0.5722073460620306,,-0.785128,45.93,20.0,0.0
RUSPINI,clust,brkga,8,4.0,0.7887936944499873,,-0.787306,23.15,20.0,0.0
RUSPINI,clust,brkga,9,4.0,0.7933577711727569,,-0.791093,43.06,20.0,0.0
RUSPINI,clust,brkga,10,3.0,0.5730944487489027,,-0.785711,57.2,20.0,0.0
RUSPINI,clust,brkga,11,4.0,0.7827298126654605,,-0.783758,53.98,20.0,0.0
RUSPINI,clust,brkga,12,3.0,0.6286387151834936,,-0.786037,58.34,20.0,0.0
RUSPINI,clust,brkga,13,4.0,0.7840975759106398,,-0.788206,33.41,20.0,0.0
RUSPINI,clust,brkga,14,4.0,0.7797167864079845,,-0.782721,22.04,20.0,0.0
RUSPINI,clust,brkga,15,4.0,0.7763738161577373,,-0.779644,23.83,20.0,0.0
RUSPINI,clust,brkga,16,4.0,0.7763738161577373,,-0.779644,59.71,20.0,0.0
RUSPINI,clust,brkga,17,3.0,0.5675738594220966,,-0.785936,30.88,20.0,0.0
RUSPINI,clust,brkga,18,3.0,0.5886635914845924,,-0.788648,28.33,20.0,0.0
RUSPINI,clust,brkga,19,4.0,0.7819205080411546,,-0.786052,32.12,20.0,0.0
RUSPINI,clust,ils,0,3.0,0.5759629923997205,,-0.800153,33.09,20.0,0.0
RUSPINI,clust,ils,1,4.0,0.7893478448454273,,-0.792032,45.24,20.0,0.0
RUSPINI,clust,ils,2,2.0,0.4433936814013041,,-0.79513,50.13,20.0,0.0
RUSPINI,clust,ils,3,4.0,0.7915130394838583,,-0.794495,17.17,20.0,0.0
RUSPINI,clust,ils,4,4.0,0.7935387898778997,,-0.792876,28.34,20.0,0.0
RUSPINI,clust,ils,5,2.0,0.4155729901791927,,-0.797565,42.9,20.0,0.0
RUSPINI,clust,ils,6,2.0,0.4433936814013041,,-0.79513,48.63,20.0,0.0
RUSPINI,clust,ils,7,3.0,0.5411004563148122,,-0.792516,37.67,20.0,0.0
RUSPINI,clust,ils,8,4.0,0.7946418956532473,,-0.794568,23.27,20.0,0.0
RUSPINI,clust,ils,9,4.0,0.7822406877400245,,-0.783849,60.18,20.0,0.0
RUSPINI,clust,ils,10,4.0,0.7892050411551643,,-0.790655,40.1,20.0,0.0
RUSPINI,clust,ils,11,4.0,0.795057420395823,,-0.798435,54.54,20.0,0.0
RUSPINI,clust,ils,12,3.0,0.5751196084071689,,-0.784419,10.92,20.0,0.0
RUSPINI,clust,ils,13,3.0,0.5698580709406867,,-0.788212,34.19,20.0,0.0
RUSPINI,clust,ils,14,4.0,0.7867368197765566,,-0.789686,24.61,20.0,0.0
RUSPINI,clust,ils,15,4.0,0.7886411529696209,,-0.790052,15.63,20.0,0.0
RUSPINI,clust,ils,16,4.0,0.7782007625381421,,-0.780053,29.48,20.0,0.0
RUSPINI,clust,ils,17,3.0,0.5595032479627255,,-0.780798,59.38,20.0,0.0
RUSPINI,clust,ils,18,4.0,0.7853194780258576,,-0.786954,13.19,20.0,0.0
RUSPINI,clust,ils,19,4.0,0.7826221408502265,,-0.78177,57.59,20.0,0.0
RUSPINI,clust,vns,0,3.0,0.5783559166613298,,-0.790655,25.09,20.0,0.0
RUSPINI,clust,vns,1,3.0,0.5728546224025487,,-0.788479,43.44,20.0,0.0
RUSPINI,clust,vns,2,4.0,0.7812807400793622,,-0.785538,48.84,20.0,0.0
RUSPINI,clust,vns,3,3.0,0.5783559166613298,,-0.790655,35.1,20.0,0.0
RUSPINI,clust,vns,4,4.0,0.7886411529696209,,-0.790052,54.47,20.0,0.0
RUSPINI,clust,vns,5,4.0,0.782394104991735,,-0.782002,26.19,20.0,0.0
RUSPINI,clust,vns,6,4.0,0.7855264692973907,,-0.789107,35.2,20.0,0.0
RUSPINI,clust,vns,7,3.0,0.5607502603979194,,-0.789686,18.57,20.0,0.0
RUSPINI,clust,vns,8,4.0,0.7893478448454273,,-0.792032,34.98,20.0,0.0
RUSPINI,clust,vns,9,4.0,0.7946068034815708,,-0.791411,57.17,20.0,0.0
RUSPINI,clust,vns,10,4.0,0.7870109324080677,,-0.791132,53.88,20.0,0.0
RUSPINI,clust,vns,11,4.0,0.7847180266380129,,-0.786578,44.77,20.0,0.0
RUSPINI,clust,vns,12,3.0,0.5897193983633686,,-0.783534,59.12,20.0,0.0
RUSPINI,clust,vns,13,4.0,0.7893478448454273,,-0.792032,60.92,20.0,0.0
RUSPINI,clust,vns,14,4.0,0.7840975759106398,,-0.788206,59.99,20.0,0.0
RUSPINI,clust,vns,15,4.0,0.7891340367942601,,-0.791227,59.99,20.0,0.0
RUSPINI,clust,vns,16,3.0,0.6029752171920788,,-0.793624,39.42,20.0,0.0
RUSPINI,clust,vns,17,4.0,0.7891340367942601,,-0.791227,20.23,20.0,0.0
RUSPINI,clust,vns,18,4.0,0.7946068034815708,,-0.791411,46.66,20.0,0.0
RUSPINI,clust,vns,19,3.0,0.5713115054517733,,-0.786999,41.35,20.0,0.0
SEEDS,classf,brkga,0,5.0,0.2568109698879726,0.4990969722556738,-0.500995,63.87,20.0,0.0
SEEDS,classf,brkga,1,4.0,0.4329716357697539,0.6668564592518592,-0.490346,45.34,20.0,0.0
SEEDS,classf,brkga,2,3.0,0.4768787042803971,0.5689678176614006,-0.490964,55.57,20.0,0.0
SEEDS,classf,brkga,3,3.0,0.3869681765008146,0.4231411596134014,-0.492992,57.57,20.0,0.0
SEEDS,classf,brkga,4,3.0,0.4578564607719138,0.5539583199933195,-0.468577,44.12,20.0,0.0
SEEDS,classf,brkga,5,4.0,0.3941310685952531,0.5698488635294454,-0.496593,59.59,20.0,0.0
SEEDS,classf,brkga,6,4.0,0.4015200507167571,0.5786750843727763,-0.521502,29.67,20.0,0.0
SEEDS,classf,brkga,7,3.0,0.4700341777281014,0.5488900900332079,-0.481562,55.19,20.0,0.0
SEEDS,classf,brkga,8,3.0,0.5249041204814209,0.6916604623115501,-0.528208,29.54,20.0,0.0
SEEDS,classf,brkga,9,3.0,0.4901542423949653,0.6419684126498738,-0.513023,60.38,20.0,0.0
SEEDS,classf,brkga,10,3.0,0.4774363209963786,0.7024499050094997,-0.468558,61.18,20.0,0.0
SEEDS,classf,brkga,11,3.0,0.5000389864233016,0.6595560550550619,-0.500044,50.86,20.0,0.0
SEEDS,classf,brkga,12,2.0,0.3377137502260279,0.3389776956023123,-0.493084,55.08,20.0,0.0
SEEDS,classf,brkga,13,3.0,0.4714805653051339,0.6091450682217114,-0.483406,54.04,20.0,0.0
SEEDS,classf,brkga,14,4.0,0.3590329349280184,0.5595123661369239,-0.483302,29.71,20.0,0.0
SEEDS,classf,brkga,15,3.0,0.5074895350970857,0.63217649709357,-0.517189,61.16,20.0,0.0
SEEDS,classf,brkga,16,4.0,0.4038237760143267,0.5497934654574899,-0.513045,57.88,20.0,0.0
SEEDS,classf,brkga,17,3.0,0.4876823416042549,0.7480256147732824,-0.478046,49.21,20.0,0.0
SEEDS,classf,brkga,18,4.0,0.3703037075494622,0.6449303563615862,-0.486113,52.28,20.0,0.0
SEEDS,classf,brkga,19,3.0,0.4875057597581028,0.6301726293780878,-0.496263,32.43,20.0,0.0
SEEDS,classf,ils,0,3.0,0.5341220790337015,0.7101259639142589,-0.534139,63.64,20.0,0.0
SEEDS,classf,ils,1,3.0,0.5046673038379624,0.8064575024284683,-0.48571,29.74,20.0,0.0
SEEDS,classf,ils,2,4.0,0.3804329547935118,0.5706343113773727,-0.512625,51.25,20.0,0.0
SEEDS,classf,ils,3,3.0,0.5210935730587738,0.717336350172693,-0.518756,59.09,20.0,0.0
SEEDS,classf,ils,4,3.0,0.5040627773798885,0.6438651638465892,-0.524158,62.03,20.0,0.0
SEEDS,classf,ils,5,3.0,0.5321754146604183,0.6638928191545527,-0.541088,61.81,20.0,0.0
SEEDS,classf,ils,6,2.0,0.4866531555175653,0.3643839753724785,-0.414522,22.21,20.0,0.0
SEEDS,classf,ils,7,3.0,0.5272723701316954,0.7197946449800664,-0.525239,60.56,20.0,0.0
SEEDS,classf,ils,8,4.0,0.4372605873116741,0.6505472393523256,-0.534698,61.22,20.0,0.0
SEEDS,classf,ils,9,3.0,0.4993625065045435,0.6425749841144718,-0.514859,60.05,20.0,0.0
SEEDS,classf,ils,10,3.0,0.4457627902167342,0.5283142808579386,-0.453654,60.35,20.0,0.0
SEEDS,classf,ils,11,4.0,0.3780550129559314,0.5637488473104714,-0.496646,50.14,20.0,0.0
SEEDS,classf,ils,12,3.0,0.5190012426103205,0.6616583812579654,-0.531611,60.19,20.0,0.0
SEEDS,classf,ils,13,4.0,0.3735139747862856,0.5045835654997985,-0.468766,43.08,20.0,0.0
SEEDS,classf,ils,14,4.0,0.421864136054994,0.652407351544156,-0.508605,33.97,20.0,0.0
SEEDS,classf,ils,15,3.0,0.4861461925895865,0.80023975859262,-0.465568,49.78,20.0,0.0
SEEDS,classf,ils,16,3.0,0.5241842684998113,0.6707423333106565,-0.538759,62.52,20.0,0.0
SEEDS,classf,ils,17,4.0,0.3519176954935953,0.5634244899842751,-0.467022,16.63,20.0,0.0
SEEDS,classf,ils,18,3.0,0.4921500965705001,0.7894003698937163,-0.475827,62.63,20.0,0.0
SEEDS,classf,ils,19,3.0,0.5025576015342106,0.5823867204410357,-0.509803,62.26,20.0,0.0
SEEDS,classf,vns,0,3.0,0.4530659741062389,0.7120412042341706,-0.421616,63.29,20.0,0.0
SEEDS,classf,vns,1,3.0,0.5355293012502178,0.7086580035855313,-0.535631,57.21,20.0,0.0
SEEDS,classf,vns,2,3.0,0.5328438645895724,0.6671001919915731,-0.542189,54.01,20.0,0.0
SEEDS,classf,vns,3,2.0,0.3320142313132307,0.3378528385524628,-0.503002,61.89,20.0,0.0
SEEDS,classf,vns,4,3.0,0.4124588099155026,0.5846281090351217,-0.477535,41.82,20.0,0.0
SEEDS,classf,vns,5,3.0,0.5030709647051766,0.6728545737140389,-0.498941,22.96,20.0,0.0
SEEDS,classf,vns,6,2.0,0.3513076852953756,0.3472386944700975,-0.544671,45.81,20.0,0.0
SEEDS,classf,vns,7,1.0,,0.0,-0.410786,30.27,20.0,0.0
SEEDS,classf,vns,8,3.0,0.3196308032269555,0.3858369206466704,-0.518758,45.19,20.0,0.0
SEEDS,classf,vns,9,3.0,0.5223007502366619,0.6534932461729834,-0.528678,53.32,20.0,0.0
SEEDS,classf,vns,10,3.0,0.5275907240948715,0.6430761358470116,-0.538796,57.34,20.0,0.0
SEEDS,classf,vns,11,5.0,0.3511001009685693,0.599081727664632,-0.520397,41.61,20.0,0.0
SEEDS,classf,vns,12,2.0,0.3476270051062661,0.3464159373452893,-0.532963,54.04,20.0,0.0
SEEDS,classf,vns,13,3.0,0.3524344688846452,0.5162092445808891,-0.544811,38.82,20.0,0.0
SEEDS,classf,vns,14,4.0,0.4382574694552296,0.7056806135005765,-0.522581,57.96,20.0,0.0
SEEDS,classf,vns,15,3.0,0.4769133592531586,0.6204573459979836,-0.497354,55.19,20.0,0.0
SEEDS,classf,vns,16,3.0,0.4759730659786285,0.5881137162181126,-0.478837,59.91,20.0,0.0
SEEDS,classf,vns,17,3.0,0.4537537850361114,0.6261074761568304,-0.469755,35.35,20.0,0.0
SEEDS,classf,vns,18,2.0,0.341240757927151,0.338416413913011,-0.499725,40.7,20.0,0.0
SEEDS,classf,vns,19,3.0,0.5326007192247701,0.6668674255175896,-0.544163,60.65,20.0,0.0
SONAR,clust,brkga,0,2.0,0.4606017993429515,,-0.476293,64.79,20.0,0.0
SONAR,clust,brkga,1,2.0,0.4809679570216354,,-0.509834,29.99,20.0,0.0
SONAR,clust,brkga,2,2.0,0.4625573909843241,,-0.480849,56.07,20.0,0.0
SONAR,clust,brkga,3,2.0,0.4878230383938802,,-0.529322,59.94,20.0,0.0
SONAR,clust,brkga,4,2.0,0.4838003083640192,,-0.510832,61.33,20.0,0.0
SONAR,clust,brkga,5,2.0,0.4868452267131427,,-0.521687,57.15,20.0,0.0
SONAR,clust,brkga,6,2.0,0.4677644026202007,,-0.492218,61.4,20.0,0.0
SONAR,clust,brkga,7,2.0,0.4610504784022265,,-0.485239,60.03,20.0,0.0
SONAR,clust,brkga,8,2.0,0.4767978307059133,,-0.510485,54.32,20.0,0.0
SONAR,clust,brkga,9,2.0,0.4892510590802987,,-0.50742,29.47,20.0,0.0
SONAR,clust,brkga,10,2.0,0.4476324123804892,,-0.473458,34.02,20.0,0.0
SONAR,clust,brkga,11,2.0,0.4607810941944463,,-0.490027,62.21,20.0,0.0
SONAR,clust,brkga,12,2.0,0.4905609217749037,,-0.529254,28.62,20.0,0.0
SONAR,clust,brkga,13,2.0,0.4924441631516227,,-0.507827,59.87,20.0,0.0
SONAR,clust,brkga,14,2.0,0.4963507184506966,,-0.529403,62.82,20.0,0.0
SONAR,clust,brkga,15,2.0,0.4603402515359751,,-0.474133,26.53,20.0,0.0
SONAR,clust,brkga,16,2.0,0.4963507184506966,,-0.529403,62.56,20.0,0.0
SONAR,clust,brkga,17,2.0,0.4868078875742315,,-0.526925,57.66,20.0,0.0
SONAR,clust,brkga,18,2.0,0.4809324571339695,,-0.503749,60.48,20.0,0.0
SONAR,clust,brkga,19,2.0,0.4581674380620264,,-0.478056,32.68,20.0,0.0
SONAR,clust,ils,0,4.0,0.4277917579672673,,-0.440224,64.48,20.0,0.0
SONAR,clust,ils,1,3.0,0.4249041588951506,,-0.451807,61.48,20.0,0.0
SONAR,clust,ils,2,2.0,0.5303248390785673,,-0.572189,32.33,20.0,0.0
SONAR,clust,ils,3,2.0,0.4669056023075512,,-0.474969,51.73,20.0,0.0
SONAR,clust,ils,4,2.0,0.492234980078822,,-0.497643,40.4,20.0,0.0
SONAR,clust,ils,5,3.0,0.4781014399974404,,-0.476311,50.44,20.0,0.0
SONAR,clust,ils,6,2.0,0.4684531196724801,,-0.472347,57.65,20.0,0.0
SONAR,clust,ils,7,2.0,0.4819440504961434,,-0.492966,29.79,20.0,0.0
SONAR,clust,ils,8,2.0,0.5178897413870795,,-0.53614,62.15,20.0,0.0
SONAR,clust,ils,9,3.0,0.4505126376388359,,-0.446117,35.82,20.0,0.0
SONAR,clust,ils,10,2.0,0.47603207877404,,-0.481079,37.51,20.0,0.0
SONAR,clust,ils,11,2.0,0.4704901123883167,,-0.491151,52.11,20.0,0.0
SONAR,clust,ils,12,2.0,0.5191019071817532,,-0.559839,41.56,20.0,0.0
SONAR,clust,ils,13,2.0,0.5260468307730232,,-0.571219,26.23,20.0,0.0
SONAR,clust,ils,14,2.0,0.5064710275957635,,-0.52198,30.12,20.0,0.0
SONAR,clust,ils,15,2.0,0.5098199135051705,,-0.550275,42.64,20.0,0.0
SONAR,clust,ils,16,2.0,0.5351729630875822,,-0.580981,54.65,20.0,0.0
SONAR,clust,ils,17,2.0,0.4678458894637246,,-0.48847,59.07,20.0,0.0
SONAR,clust,ils,18,2.0,0.4689718821051276,,-0.482736,42.29,20.0,0.0
SONAR,clust,ils,19,2.0,0.4880430427527862,,-0.499152,59.43,20.0,0.0
SONAR,clust,vns,0,2.0,0.5095487322843001,,-0.553752,60.59,20.0,0.0
SONAR,clust,vns,1,2.0,0.5378234460240948,,-0.581653,51.42,20.0,0.0
SONAR,clust,vns,2,2.0,0.5351729630875822,,-0.580981,62.67,20.0,0.0
SONAR,clust,vns,3,2.0,0.5059328573177027,,-0.541978,58.24,20.0,0.0
SONAR,clust,vns,4,2.0,0.5388883304471448,,-0.584538,41.72,20.0,0.0
SONAR,clust,vns,5,2.0,0.5263955162960358,,-0.569404,35.74,20.0,0.0
SONAR,clust,vns,6,4.0,0.4672548522881469,,-0.472968,52.03,20.0,0.0
SONAR,clust,vns,7,2.0,0.4798627812387067,,-0.479878,50.15,20.0,0.0
SONAR,clust,vns,8,2.0,0.4944022132777945,,-0.506148,47.28,20.0,0.0
SONAR,clust,vns,9,2.0,0.4715408473580632,,-0.480205,44.12,20.0,0.0
SONAR,clust,vns,10,2.0,0.5100277474183729,,-0.526357,50.85,20.0,0.0
SONAR,clust,vns,11,2.0,0.4823046053398854,,-0.480785,45.17,20.0,0.0
SONAR,clust,vns,12,3.0,0.4903211055238552,,-0.488086,59.62,20.0,0.0
SONAR,clust,vns,13,2.0,0.4841192779262537,,-0.495307,56.61,20.0,0.0
SONAR,clust,vns,14,2.0,0.466743747255155,,-0.478324,27.18,20.0,0.0
SONAR,clust,vns,15,2.0,0.4914714779131694,,-0.519588,37.41,20.0,0.0
SONAR,clust,vns,16,2.0,0.458179566444596,,-0.4604,31.38,20.0,0.0
SONAR,clust,vns,17,2.0,0.515437130815097,,-0.555144,61.08,20.0,0.0
SONAR,clust,vns,18,2.0,0.4917322988469272,,-0.500345,59.53,20.0,0.0
SONAR,clust,vns,19,3.0,0.4857197646328318,,-0.485759,59.26,20.0,0.0
SPHERICAL4D3C,clust,brkga,0,4.0,0.3816624990007666,,-0.40555,34.76,20.0,0.0
SPHERICAL4D3C,clust,brkga,1,,,,,,,
SPHERICAL4D3C,clust,brkga,2,5.0,0.3376715544762099,,-0.340007,0.09,20.0,0.0
SPHERICAL4D3C,clust,brkga,3,2.0,0.4927028213132063,,-0.383138,5.89,20.0,0.0
SPHERICAL4D3C,clust,brkga,4,5.0,0.3450849947297669,,-0.345587,8.49,20.0,0.0
SPHERICAL4D3C,clust,brkga,5,3.0,0.4019884445554816,,-0.349252,8.25,20.0,0.0
SPHERICAL4D3C,clust,brkga,6,4.0,0.3473439539128311,,-0.365691,22.99,20.0,0.0
SPHERICAL4D3C,clust,brkga,7,3.0,0.4086287904348848,,-0.352626,6.15,20.0,0.0
SPHERICAL4D3C,clust,brkga,8,4.0,0.2718096791431587,,-0.287192,6.17,20.0,0.0
SPHERICAL4D3C,clust,brkga,9,3.0,0.3346070793566794,,-0.355779,5.34,20.0,0.0
SPHERICAL4D3C,clust,brkga,10,4.0,0.407688599105294,,-0.336025,19.25,20.0,0.0
SPHERICAL4D3C,clust,brkga,11,4.0,0.3726960908488134,,-0.396163,15.29,20.0,0.0
SPHERICAL4D3C,clust,brkga,12,3.0,0.339210112748585,,-0.355582,0.26,20.0,0.0
SPHERICAL4D3C,clust,brkga,13,4.0,0.3786814288892773,,-0.406042,39.25,20.0,0.0
SPHERICAL4D3C,clust,brkga,14,4.0,0.3744445435769465,,-0.400279,26.61,20.0,0.0
SPHERICAL4D3C,clust,brkga,15,4.0,0.3760610774510395,,-0.401155,8.5,20.0,0.0
SPHERICAL4D3C,clust,brkga,16,4.0,0.3786105654785766,,-0.404763,26.73,20.0,0.0
SPHERICAL4D3C,clust,brkga,17,4.0,0.3794650952996231,,-0.404214,62.81,20.0,0.0
SPHERICAL4D3C,clust,brkga,18,4.0,0.3752029251332342,,-0.40302,58.15,20.0,0.0
SPHERICAL4D3C,clust,brkga,19,4.0,0.3774630425507471,,-0.403281,30.64,20.0,0.0
SPHERICAL4D3C,clust,ils,0,2.0,0.4693779310190728,,-0.374323,0.21,20.0,0.0
SPHERICAL4D3C,clust,ils,1,4.0,0.3937468128635006,,-0.41959,56.72,20.0,0.0
SPHERICAL4D3C,clust,ils,2,9.0,0.4424479955878587,,-0.37375,52.5,20.0,0.0
SPHERICAL4D3C,clust,ils,3,4.0,0.3758300853145593,,-0.399717,62.41,20.0,0.0
SPHERICAL4D3C,clust,ils,4,4.0,0.3521569238199973,,-0.380157,23.99,20.0,0.0
SPHERICAL4D3C,clust,ils,5,4.0,0.4220691707702322,,-0.399897,30.01,20.0,0.0
SPHERICAL4D3C,clust,ils,6,4.0,0.3794535324476334,,-0.405478,60.88,20.0,0.0
SPHERICAL4D3C,clust,ils,7,4.0,0.3936016152396258,,-0.421775,29.85,20.0,0.0
SPHERICAL4D3C,clust,ils,8,8.0,0.3843399436048291,,-0.381161,22.25,20.0,0.0
SPHERICAL4D3C,clust,ils,9,3.0,0.4426442870487871,,-0.408128,52.3,20.0,0.0
SPHERICAL4D3C,clust,ils,10,3.0,0.4384785953619158,,-0.403294,60.51,20.0,0.0
SPHERICAL4D3C,clust,ils,11,3.0,0.4426503589976439,,-0.407064,38.58,20.0,0.0
SPHERICAL4D3C,clust,ils,12,5.0,0.3554346559500254,,-0.360716,36.88,20.0,0.0
SPHERICAL4D3C,clust,ils,13,4.0,0.4022735494081595,,-0.4279,26.01,20.0,0.0
SPHERICAL4D3C,clust,ils,14,6.0,0.3994936871355076,,-0.367282,58.48,20.0,0.0
SPHERICAL4D3C,clust,ils,15,8.0,0.284289342951851,,-0.367636,42.44,20.0,0.0
SPHERICAL4D3C,clust,ils,16,2.0,0.3066091755539087,,-0.38919,54.74,20.0,0.0
SPHERICAL4D3C,clust,ils,17,10.0,0.4660833708872292,,-0.432835,36.06,20.0,0.0
SPHERICAL4D3C,clust,ils,18,10.0,0.3588515598532139,,-0.390419,51.07,20.0,0.0
SPHERICAL4D3C,clust,ils,19,4.0,0.3808291058197756,,-0.408272,29.92,20.0,0.0
SPHERICAL4D3C,clust,vns,0,3.0,0.4433045632196068,,-0.404932,35.18,20.0,0.0
SPHERICAL4D3C,clust,vns,1,,,,,,,
SPHERICAL4D3C,clust,vns,2,4.0,0.3753791572237277,,-0.400721,12.05,20.0,0.0
SPHERICAL4D3C,clust,vns,3,5.0,0.4038947852975437,,-0.344053,10.71,20.0,0.0
SPHERICAL4D3C,clust,vns,4,7.0,0.3530837857921898,,-0.377904,9.58,20.0,0.0
SPHERICAL4D3C,clust,vns,5,6.0,0.3293394354616666,,-0.322832,1.84,20.0,0.0
SPHERICAL4D3C,clust,vns,6,4.0,0.3830244739189567,,-0.412307,38.06,20.0,0.0
SPHERICAL4D3C,clust,vns,7,6.0,0.3737026856883775,,-0.283717,0.41,20.0,0.0
SPHERICAL4D3C,clust,vns,8,7.0,0.3186454723148952,,-0.29793,9.67,20.0,0.0
SPHERICAL4D3C,clust,vns,9,6.0,0.3326251662109531,,-0.334888,9.85,20.0,0.0
SPHERICAL4D3C,clust,vns,10,4.0,0.2903536539470089,,-0.313148,0.13,20.0,0.0
SPHERICAL4D3C,clust,vns,11,5.0,0.3603556706746155,,-0.333458,18.5,20.0,0.0
SPHERICAL4D3C,clust,vns,12,4.0,0.1302730302666818,,-0.367107,8.93,20.0,0.0
SPHERICAL4D3C,clust,vns,13,4.0,0.3794535324476334,,-0.405478,15.83,20.0,0.0
SPHERICAL4D3C,clust,vns,14,3.0,0.4402776953764272,,-0.400947,31.25,20.0,0.0
SPHERICAL4D3C,clust,vns,15,4.0,0.3877737050856093,,-0.418919,61.86,20.0,0.0
SPHERICAL4D3C,clust,vns,16,3.0,0.3705447199569591,,-0.385635,61.48,20.0,0.0
SPHERICAL4D3C,clust,vns,17,3.0,0.3851494465144738,,-0.396165,62.8,20.0,0.0
SPHERICAL4D3C,clust,vns,18,4.0,0.3875438890820351,,-0.415106,51.73,20.0,0.0
SPHERICAL4D3C,clust,vns,19,11.0,0.4250457174362581,,-0.402632,33.98,20.0,0.0
SPIRAL,classf,brkga,0,4.0,0.3599252931646357,-0.0053826395817677,-0.360091,33.76,20.0,0.0
SPIRAL,classf,brkga,1,4.0,0.3603003210429085,-0.0049101338701909,-0.360245,57.58,20.0,0.0
SPIRAL,classf,brkga,2,4.0,0.3618102495909816,-0.0054965549065754,-0.36192,58.2,20.0,0.0
SPIRAL,classf,brkga,3,4.0,0.3567084059828956,-0.0069469956359408,-0.356888,60.07,20.0,0.0
SPIRAL,classf,brkga,4,4.0,0.369448019917192,-0.003842993818996,-0.369448,55.02,20.0,0.0
SPIRAL,classf,brkga,5,4.0,0.3608641361241754,-0.0033194705181582,-0.360921,61.58,20.0,0.0
SPIRAL,classf,brkga,6,4.0,0.3619158753654269,-0.0058858961097689,-0.362002,60.91,20.0,0.0
SPIRAL,classf,brkga,7,4.0,0.351602810681112,-0.0049363699269962,-0.351618,58.99,20.0,0.0
SPIRAL,classf,brkga,8,4.0,0.3561329469686164,-0.0040127650261439,-0.35612,58.13,20.0,0.0
SPIRAL,classf,brkga,9,4.0,0.3516787301874727,-0.0067755221010915,-0.351678,60.86,20.0,0.0
SPIRAL,classf,brkga,10,4.0,0.3451488136456555,-0.0062859863091344,-0.34512,57.84,20.0,0.0
SPIRAL,classf,brkga,11,4.0,0.3647089852678736,-0.0051004563772615,-0.365011,57.75,20.0,0.0
SPIRAL,classf,brkga,12,4.0,0.3502113239033854,-0.0047422389287467,-0.350216,53.1,20.0,0.0
SPIRAL,classf,brkga,13,8.0,0.3510292119823795,0.0475703434160677,-0.351832,59.64,20.0,0.0
SPIRAL,classf,brkga,14,4.0,0.3579190032590084,-0.0036858831480709,-0.358936,61.36,20.0,0.0
SPIRAL,classf,brkga,15,4.0,0.3494920861423448,-0.0048098290162579,-0.349611,36.18,20.0,0.0
SPIRAL,classf,brkga,16,5.0,0.3538801652286933,0.0039617661364127,-0.35388,57.03,20.0,0.0
SPIRAL,classf,brkga,17,4.0,0.3525990921371458,-0.0049493869156546,-0.35266,58.59,20.0,0.0
SPIRAL,classf,brkga,18,4.0,0.3587699763732729,-0.0058697327368049,-0.359005,59.04,20.0,0.0
SPIRAL,classf,brkga,19,5.0,0.3559406645075098,0.024393606201898,-0.363136,61.58,20.0,0.0
SPIRAL,classf,ils,0,8.0,0.3759395616123422,0.0599260607804952,-0.375704,46.82,20.0,0.0
SPIRAL,classf,ils,1,10.0,0.3166944275825525,0.0576102170085549,-0.317127,40.6,20.0,0.0
SPIRAL,classf,ils,2,4.0,0.3755814699987048,-0.0007945311733973,-0.376182,61.86,20.0,0.0
SPIRAL,classf,ils,3,4.0,0.3963520871086436,-0.0050504206142883,-0.396275,63.24,20.0,0.0
SPIRAL,classf,ils,4,4.0,0.3129946308512713,0.0234508127304645,-0.389215,49.52,20.0,0.0
SPIRAL,classf,ils,5,7.0,0.3420719701402799,0.0641343241777548,-0.34552,59.36,20.0,0.0
SPIRAL,classf,ils,6,5.0,0.3419297804858811,0.0218662185482344,-0.342211,48.93,20.0,0.0
SPIRAL,classf,ils,7,6.0,0.2735814803912264,0.0433468586619102,-0.31464,45.02,20.0,0.0
SPIRAL,classf,ils,8,6.0,0.3513051731777278,0.0187922106260344,-0.370077,37.11,20.0,0.0
SPIRAL,classf,ils,9,4.0,0.2213001039883843,0.0218733949273949,-0.357071,11.79,20.0,0.0
SPIRAL,classf,ils,10,7.0,0.3605427146032791,0.0695316940818544,-0.360265,60.44,20.0,0.0
SPIRAL,classf,ils,11,4.0,0.3676882487634122,0.0047617271925547,-0.370008,47.83,20.0,0.0
SPIRAL,classf,ils,12,7.0,0.3410024514973071,0.0809463491149625,-0.340818,62.88,20.0,0.0
SPIRAL,classf,ils,13,10.0,0.312883933812761,0.0435314964266818,-0.323928,32.62,20.0,0.0
SPIRAL,classf,ils,14,4.0,0.3971509744569165,-0.0007949306279015,-0.400158,60.87,20.0,0.0
SPIRAL,classf,ils,15,4.0,0.3848312434910129,-0.0046218723617876,-0.384918,63.42,20.0,0.0
SPIRAL,classf,ils,16,4.0,0.3946220968223902,-0.0052863434718325,-0.395202,32.58,20.0,0.0
SPIRAL,classf,ils,17,4.0,0.3933223095592709,-0.0058436266361505,-0.394082,34.52,20.0,0.0
SPIRAL,classf,ils,18,4.0,0.3971862948289466,0.0001892629617463,-0.397483,31.63,20.0,0.0
SPIRAL,classf,ils,19,4.0,0.3767159673971137,-0.0048777308187542,-0.376863,29.38,20.0,0.0
SPIRAL,classf,vns,0,7.0,0.3605325567347586,0.0513395002388744,-0.359878,55.27,20.0,0.0
SPIRAL,classf,vns,1,4.0,0.3791860944506094,-0.0053500020734094,-0.380167,18.69,20.0,0.0
SPIRAL,classf,vns,2,5.0,0.3599872059791411,0.0119872259451607,-0.362561,17.19,20.0,0.0
SPIRAL,classf,vns,3,8.0,0.3496970782453215,0.050238185381154,-0.365605,45.22,20.0,0.0
SPIRAL,classf,vns,4,8.0,0.3584520386963133,0.0499086780237625,-0.359059,44.75,20.0,0.0
SPIRAL,classf,vns,5,4.0,0.3896540667092525,-0.0054722533111089,-0.389712,51.0,20.0,0.0
SPIRAL,classf,vns,6,4.0,0.3976909345106779,-0.0062532097684078,-0.397761,57.29,20.0,0.0
SPIRAL,classf,vns,7,8.0,0.3566214650849207,0.0908412782720874,-0.356432,41.92,20.0,0.0
SPIRAL,classf,vns,8,8.0,0.3506788138367805,0.0519694612435195,-0.364522,60.5,20.0,0.0
SPIRAL,classf,vns,9,4.0,0.4069642370446313,-0.0075391028147352,-0.40738,58.4,20.0,0.0
SPIRAL,classf,vns,10,4.0,0.3926155926363787,-0.0047722793989566,-0.392931,61.43,20.0,0.0
SPIRAL,classf,vns,11,4.0,0.4003910540468499,-0.0063918848641632,-0.400769,43.72,20.0,0.0
SPIRAL,classf,vns,12,8.0,0.3692151355796632,0.0517772736310442,-0.369148,57.64,20.0,0.0
SPIRAL,classf,vns,13,4.0,0.3977806885713076,-0.0066837844301309,-0.397784,51.14,20.0,0.0
SPIRAL,classf,vns,14,7.0,0.3563903094210766,0.0721415168767969,-0.356002,57.18,20.0,0.0
SPIRAL,classf,vns,15,8.0,0.3566721663779332,0.0516763423370048,-0.369936,27.22,20.0,0.0
SPIRAL,classf,vns,16,4.0,0.3676253481460321,-0.0065190337840981,-0.36795,58.81,20.0,0.0
SPIRAL,classf,vns,17,11.0,0.3420080299364176,0.05409379005919,-0.345838,24.13,20.0,0.0
SPIRAL,classf,vns,18,5.0,0.3613156785223789,0.0091800892017899,-0.363997,57.67,20.0,0.0
SPIRAL,classf,vns,19,4.0,0.4010883466530571,-0.0018435753049017,-0.40301,56.41,20.0,0.0
SPRDESP,clust,brkga,0,2.0,0.3568948301432778,,-0.356945,13.54,20.0,0.0
SPRDESP,clust,brkga,1,2.0,0.3592289700312108,,-0.35799,10.83,20.0,0.0
SPRDESP,clust,brkga,2,2.0,0.3510822842194436,,-0.344112,6.54,20.0,0.0
SPRDESP,clust,brkga,3,2.0,0.64492274578247,,-0.646107,0.64,20.0,0.0
SPRDESP,clust,brkga,4,2.0,0.3832790517510024,,-0.377987,8.52,20.0,0.0
SPRDESP,clust,brkga,5,2.0,0.399740208567187,,-0.345088,7.99,20.0,0.0
SPRDESP,clust,brkga,6,4.0,0.2435253175547371,,-0.260831,1.87,20.0,0.0
SPRDESP,clust,brkga,7,2.0,0.312851899862926,,-0.321905,1.42,20.0,0.0
SPRDESP,clust,brkga,8,2.0,0.3851715202950154,,-0.383513,0.71,20.0,0.0
SPRDESP,clust,brkga,9,2.0,0.3573715544521529,,-0.348209,8.14,20.0,0.0
SPRDESP,clust,brkga,10,2.0,0.4800704018079842,,-0.481405,22.07,20.0,0.0
SPRDESP,clust,brkga,11,2.0,0.510044551354494,,-0.508797,7.71,20.0,0.0
SPRDESP,clust,brkga,12,2.0,0.6738296973027511,,-0.674203,32.6,20.0,0.0
SPRDESP,clust,brkga,13,2.0,0.668380972538629,,-0.668811,34.07,20.0,0.0
SPRDESP,clust,brkga,14,2.0,0.6788376434592419,,-0.678952,56.65,20.0,0.0
SPRDESP,clust,brkga,15,2.0,0.6667351644489129,,-0.666741,56.31,20.0,0.0
SPRDESP,clust,brkga,16,2.0,0.7023896490067928,,-0.70258,37.78,20.0,0.0
SPRDESP,clust,brkga,17,2.0,0.6894932988325216,,-0.689644,33.5,20.0,0.0
SPRDESP,clust,brkga,18,2.0,0.6679524793233693,,-0.668767,57.02,20.0,0.0
SPRDESP,clust,brkga,19,2.0,0.6294061248354432,,-0.629128,37.23,20.0,0.0
SPRDESP,clust,ils,0,2.0,0.7044072324551425,,-0.704572,55.65,20.0,0.0
SPRDESP,clust,ils,1,3.0,0.35820050971593,,-0.358044,48.4,20.0,0.0
SPRDESP,clust,ils,2,2.0,0.7164375345626828,,-0.71566,58.04,20.0,0.0
SPRDESP,clust,ils,3,2.0,0.7072925963557376,,-0.707494,21.97,20.0,0.0
SPRDESP,clust,ils,4,2.0,0.7101512008854408,,-0.709717,38.01,20.0,0.0
SPRDESP,clust,ils,5,2.0,0.7023896490067928,,-0.70258,5.16,20.0,0.0
SPRDESP,clust,ils,6,2.0,0.7009178202125982,,-0.701275,57.63,20.0,0.0
SPRDESP,clust,ils,7,2.0,0.7108672641114424,,-0.710659,48.43,20.0,0.0
SPRDESP,clust,ils,8,2.0,0.6813757344940587,,-0.681012,60.33,20.0,0.0
SPRDESP,clust,ils,9,2.0,0.7075303278141738,,-0.707869,59.17,20.0,0.0
SPRDESP,clust,ils,10,3.0,0.3915877027229186,,-0.526483,55.58,20.0,0.0
SPRDESP,clust,ils,11,3.0,0.4042842969723617,,-0.563763,48.72,20.0,0.0
SPRDESP,clust,ils,12,2.0,0.5391396702838925,,-0.539436,60.24,20.0,0.0
SPRDESP,clust,ils,13,2.0,0.3604889548047945,,-0.353816,1.6,20.0,0.0
SPRDESP,clust,ils,14,2.0,0.6842325127872178,,-0.683932,60.71,20.0,0.0
SPRDESP,clust,ils,15,5.0,0.2534947236971782,,-0.332816,53.55,20.0,0.0
SPRDESP,clust,ils,16,2.0,0.7101512008854408,,-0.709717,50.6,20.0,0.0
SPRDESP,clust,ils,17,2.0,0.7143283299806092,,-0.713717,60.17,20.0,0.0
SPRDESP,clust,ils,18,2.0,0.5304065698317996,,-0.529157,62.54,20.0,0.0
SPRDESP,clust,ils,19,2.0,0.7129534039411305,,-0.712533,37.68,20.0,0.0
SPRDESP,clust,vns,0,2.0,0.6691035431218092,,-0.668851,49.38,20.0,0.0
SPRDESP,clust,vns,1,2.0,0.7091805960049554,,-0.709244,59.73,20.0,0.0
SPRDESP,clust,vns,2,2.0,0.6696129552651447,,-0.66962,10.09,20.0,0.0
SPRDESP,clust,vns,3,2.0,0.7083089877927733,,-0.707618,61.36,20.0,0.0
SPRDESP,clust,vns,4,2.0,0.7126588072431657,,-0.712955,43.02,20.0,0.0
SPRDESP,clust,vns,5,4.0,0.2294478109902089,,-0.634501,51.85,20.0,0.0
SPRDESP,clust,vns,6,2.0,0.7177048239808987,,-0.717188,53.55,20.0,0.0
SPRDESP,clust,vns,7,2.0,0.7075303278141738,,-0.707869,14.77,20.0,0.0
SPRDESP,clust,vns,8,2.0,0.7130351263064811,,-0.712372,36.83,20.0,0.0
SPRDESP,clust,vns,9,2.0,0.7096261976293586,,-0.709243,40.8,20.0,0.0
SPRDESP,clust,vns,10,2.0,0.6169586708067472,,-0.616294,56.49,20.0,0.0
SPRDESP,clust,vns,11,2.0,0.6881117854193902,,-0.688049,48.64,20.0,0.0
SPRDESP,clust,vns,12,2.0,0.7193679964957432,,-0.718282,60.55,20.0,0.0
SPRDESP,clust,vns,13,2.0,0.7075303278141738,,-0.707869,34.22,20.0,0.0
SPRDESP,clust,vns,14,2.0,0.712201227810035,,-0.711511,62.67,20.0,0.0
SPRDESP,clust,vns,15,2.0,0.6929996776741434,,-0.692883,52.63,20.0,0.0
SPRDESP,clust,vns,16,2.0,0.7066520647958158,,-0.706448,31.86,20.0,0.0
SPRDESP,clust,vns,17,2.0,0.7118205628691955,,-0.712245,63.05,20.0,0.0
SPRDESP,clust,vns,18,2.0,0.665421327679866,,-0.665043,53.89,20.0,0.0
SPRDESP,clust,vns,19,2.0,0.7101512008854408,,-0.709717,35.03,20.0,0.0
SYNTHETICCONTROL,clust,brkga,0,5.0,0.2989304598520942,,-0.349792,0.62,20.0,0.0
SYNTHETICCONTROL,clust,brkga,1,6.0,0.1968249020545593,,-0.28529,1.71,20.0,0.0
SYNTHETICCONTROL,clust,brkga,2,3.0,0.3912211616270747,,-0.35466,9.17,20.0,0.0
SYNTHETICCONTROL,clust,brkga,3,3.0,0.4026908675816504,,-0.375514,2.65,20.0,0.0
SYNTHETICCONTROL,clust,brkga,4,5.0,0.3789579001395087,,-0.388002,2.43,20.0,0.0
SYNTHETICCONTROL,clust,brkga,5,3.0,0.4047055381356261,,-0.411847,22.62,20.0,0.0
SYNTHETICCONTROL,clust,brkga,6,5.0,0.2692320210477744,,-0.354291,1.98,20.0,0.0
SYNTHETICCONTROL,clust,brkga,7,4.0,0.353398941859932,,-0.338014,8.96,20.0,0.0
SYNTHETICCONTROL,clust,brkga,8,4.0,0.3467279353486254,,-0.332052,9.56,20.0,0.0
SYNTHETICCONTROL,clust,brkga,9,3.0,0.4183520950308173,,-0.418341,21.7,20.0,0.0
SYNTHETICCONTROL,clust,brkga,10,4.0,0.296898336016086,,-0.329453,25.65,20.0,0.0
SYNTHETICCONTROL,clust,brkga,11,2.0,0.2840817026787101,,-0.373216,7.75,20.0,0.0
SYNTHETICCONTROL,clust,brkga,12,4.0,0.2326074440956685,,-0.421202,55.12,20.0,0.0
SYNTHETICCONTROL,clust,brkga,13,2.0,0.3375222773138419,,-0.415829,2.06,20.0,0.0
SYNTHETICCONTROL,clust,brkga,14,3.0,0.4229944346115554,,-0.420747,32.89,20.0,0.0
SYNTHETICCONTROL,clust,brkga,15,2.0,0.3339480417529695,,-0.417023,33.65,20.0,0.0
SYNTHETICCONTROL,clust,brkga,16,2.0,0.3415240959862142,,-0.423297,54.16,20.0,0.0
SYNTHETICCONTROL,clust,brkga,17,3.0,0.4287712556080416,,-0.418547,32.04,20.0,0.0
SYNTHETICCONTROL,clust,brkga,18,3.0,0.4270324406571404,,-0.419161,54.09,20.0,0.0
SYNTHETICCONTROL,clust,brkga,19,2.0,0.3022158056591014,,-0.391749,26.6,20.0,0.0
SYNTHETICCONTROL,clust,ils,0,5.0,0.2989304598520942,,-0.349792,0.52,20.0,0.0
SYNTHETICCONTROL,clust,ils,1,6.0,0.1968249020545593,,-0.28529,1.8,20.0,0.0
SYNTHETICCONTROL,clust,ils,2,3.0,0.3509180846357377,,-0.338556,0.51,20.0,0.0
SYNTHETICCONTROL,clust,ils,3,3.0,0.4026908675816504,,-0.375514,2.55,20.0,0.0
SYNTHETICCONTROL,clust,ils,4,5.0,0.3789579001395087,,-0.388002,2.39,20.0,0.0
SYNTHETICCONTROL,clust,ils,5,3.0,0.4212122140678634,,-0.397076,35.9,20.0,0.0
SYNTHETICCONTROL,clust,ils,6,5.0,0.2692320210477744,,-0.354291,1.96,20.0,0.0
SYNTHETICCONTROL,clust,ils,7,5.0,0.3089393326172817,,-0.28433,3.15,20.0,0.0
SYNTHETICCONTROL,clust,ils,8,6.0,0.3481776580809989,,-0.332962,9.59,20.0,0.0
SYNTHETICCONTROL,clust,ils,9,5.0,0.3157658689887672,,-0.316001,21.81,20.0,0.0
SYNTHETICCONTROL,clust,ils,10,3.0,0.3457336822710883,,-0.348933,25.32,20.0,0.0
SYNTHETICCONTROL,clust,ils,11,4.0,0.3895097478446658,,-0.35504,10.54,20.0,0.0
SYNTHETICCONTROL,clust,ils,12,6.0,0.2789851160007512,,-0.381394,54.31,20.0,0.0
SYNTHETICCONTROL,clust,ils,13,3.0,0.4457216422604075,,-0.439188,55.69,20.0,0.0
SYNTHETICCONTROL,clust,ils,14,5.0,0.3600001056301132,,-0.389749,53.92,20.0,0.0
SYNTHETICCONTROL,clust,ils,15,5.0,0.2986720556843287,,-0.346674,39.27,20.0,0.0
SYNTHETICCONTROL,clust,ils,16,3.0,0.4310457347635784,,-0.427172,34.95,20.0,0.0
SYNTHETICCONTROL,clust,ils,17,5.0,0.4232897493599561,,-0.401246,56.47,20.0,0.0
SYNTHETICCONTROL,clust,ils,18,5.0,0.2851199484653078,,-0.410252,29.32,20.0,0.0
SYNTHETICCONTROL,clust,ils,19,5.0,0.4058107941542626,,-0.398206,60.43,20.0,0.0
SYNTHETICCONTROL,clust,vns,0,3.0,0.4213,,,,20.0,
SYNTHETICCONTROL,clust,vns,1,4.0,0.2782,,,,20.0,
SYNTHETICCONTROL,clust,vns,2,3.0,0.4163,,,,20.0,
SYNTHETICCONTROL,clust,vns,3,3.0,0.4027,,,,20.0,
SYNTHETICCONTROL,clust,vns,4,3.0,0.4288,,,,20.0,
SYNTHETICCONTROL,clust,vns,5,3.0,0.4446,,,,20.0,
SYNTHETICCONTROL,clust,vns,6,3.0,0.4228,,,,20.0,
SYNTHETICCONTROL,clust,vns,7,5.0,0.3697,,,,20.0,
SYNTHETICCONTROL,clust,vns,8,3.0,0.4171,,,,20.0,
SYNTHETICCONTROL,clust,vns,9,4.0,0.4329,,,,20.0,
SYNTHETICCONTROL,clust,vns,10,3.0,0.3664,,,,20.0,
SYNTHETICCONTROL,clust,vns,11,3.0,0.4204,,,,20.0,
SYNTHETICCONTROL,clust,vns,12,5.0,0.274,,,,20.0,
SYNTHETICCONTROL,clust,vns,13,2.0,0.3375,,,,20.0,
SYNTHETICCONTROL,clust,vns,14,3.0,0.4276,,,,20.0,
SYNTHETICCONTROL,clust,vns,15,3.0,0.4396,,,,20.0,
SYNTHETICCONTROL,clust,vns,16,4.0,0.3135,,,,20.0,
SYNTHETICCONTROL,clust,vns,17,4.0,0.2684,,,,20.0,
SYNTHETICCONTROL,clust,vns,18,3.0,0.4325686610245313,,-0.430537,54.66,20.0,0.0
SYNTHETICCONTROL,clust,vns,19,4.0,0.3492638671364327,,-0.37762,58.7,20.0,0.0
TRIPADVISOR,clust,brkga,0,2.0,0.4506818694421867,,-0.410246,56.29,20.0,0.0
TRIPADVISOR,clust,brkga,1,2.0,0.3503122742188243,,-0.414848,11.33,20.0,0.0
TRIPADVISOR,clust,brkga,2,2.0,0.3627626093804668,,-0.423372,58.02,20.0,0.0
TRIPADVISOR,clust,brkga,3,2.0,0.3752128829100671,,-0.38569,42.9,20.0,0.0
TRIPADVISOR,clust,brkga,4,2.0,0.4091329668444514,,-0.357091,47.95,20.0,0.0
TRIPADVISOR,clust,brkga,5,2.0,0.3859097904774355,,-0.444317,51.01,20.0,0.0
TRIPADVISOR,clust,brkga,6,2.0,0.4342654441639759,,-0.395008,8.55,20.0,0.0
TRIPADVISOR,clust,brkga,7,2.0,0.4096090291308085,,-0.346956,35.45,20.0,0.0
TRIPADVISOR,clust,brkga,8,2.0,0.4420129909101729,,-0.502545,20.04,20.0,0.0
TRIPADVISOR,clust,brkga,9,5.0,0.2057184341577155,,-0.267772,3.42,20.0,0.0
TRIPADVISOR,clust,brkga,10,9.0,0.2381898041603179,,-0.266829,9.27,20.0,0.0
TRIPADVISOR,clust,brkga,11,3.0,0.3057850353508472,,-0.311727,10.41,20.0,0.0
TRIPADVISOR,clust,brkga,12,,,,,,,
TRIPADVISOR,clust,brkga,13,,,,,,,
TRIPADVISOR,clust,brkga,14,,,,,,,
TRIPADVISOR,clust,brkga,15,8.0,0.2449564236227868,,-0.25355,7.25,20.0,0.0
TRIPADVISOR,clust,brkga,16,7.0,0.2446400983980466,,-0.237903,1.82,20.0,0.0
TRIPADVISOR,clust,brkga,17,4.0,0.3235154431273528,,-0.336858,11.2,20.0,0.0
TRIPADVISOR,clust,brkga,18,2.0,0.2337144458905653,,-0.287502,12.83,20.0,0.0
TRIPADVISOR,clust,brkga,19,8.0,0.2241261953461577,,-0.229577,6.81,20.0,0.0
TRIPADVISOR,clust,ils,0,4.0,0.3153131874611604,,-0.333236,62.2,20.0,0.0
TRIPADVISOR,clust,ils,1,3.0,0.3100580693669832,,-0.458842,33.69,20.0,0.0
TRIPADVISOR,clust,ils,2,3.0,0.3462404494757382,,-0.347612,61.64,20.0,0.0
TRIPADVISOR,clust,ils,3,3.0,0.3336053416636384,,-0.453423,38.71,20.0,0.0
TRIPADVISOR,clust,ils,4,7.0,0.2300700398744899,,-0.309903,16.45,20.0,0.0
TRIPADVISOR,clust,ils,5,2.0,0.4500129428432503,,-0.50845,44.97,20.0,0.0
TRIPADVISOR,clust,ils,6,2.0,0.4508777466201127,,-0.501926,54.72,20.0,0.0
TRIPADVISOR,clust,ils,7,2.0,0.4724202752594635,,-0.487151,39.74,20.0,0.0
TRIPADVISOR,clust,ils,8,2.0,0.2700333154098973,,-0.3111,11.73,20.0,0.0
TRIPADVISOR,clust,ils,9,,,,,,,
TRIPADVISOR,clust,ils,10,3.0,0.2077669428617038,,-0.265597,1.21,20.0,0.0
TRIPADVISOR,clust,ils,11,,,,,,,
TRIPADVISOR,clust,ils,12,,,,,,,
TRIPADVISOR,clust,ils,13,,,,,,,
TRIPADVISOR,clust,ils,14,4.0,0.2147768293659909,,-0.268397,8.78,20.0,0.0
TRIPADVISOR,clust,ils,15,,,,,,,
TRIPADVISOR,clust,ils,16,7.0,0.2446400983980466,,-0.237903,1.7,20.0,0.0
TRIPADVISOR,clust,ils,17,4.0,0.2609021545146459,,-0.290413,16.64,20.0,0.0
TRIPADVISOR,clust,ils,18,4.0,0.2766313293972156,,-0.273438,3.2,20.0,0.0
TRIPADVISOR,clust,ils,19,2.0,0.334911555488349,,-0.283369,12.27,20.0,0.0
TRIPADVISOR,clust,vns,0,2.0,0.4437,,,,20.0,
TRIPADVISOR,clust,vns,1,2.0,0.442,,,,20.0,
TRIPADVISOR,clust,vns,2,5.0,0.2977,,,,20.0,
TRIPADVISOR,clust,vns,3,3.0,0.3923,,,,20.0,
TRIPADVISOR,clust,vns,4,8.0,0.3088,,,,20.0,
TRIPADVISOR,clust,vns,5,3.0,0.3897,,,,20.0,
TRIPADVISOR,clust,vns,6,3.0,0.3815,,,,20.0,
TRIPADVISOR,clust,vns,7,3.0,0.3725,,,,20.0,
TRIPADVISOR,clust,vns,8,2.0,0.4292,,,,20.0,
TRIPADVISOR,clust,vns,9,11.0,0.2752,,,,20.0,
TRIPADVISOR,clust,vns,10,5.0,0.3306,,,,20.0,
TRIPADVISOR,clust,vns,11,4.0,0.2573,,,,20.0,
TRIPADVISOR,clust,vns,12,2.0,0.4428,,,,20.0,
TRIPADVISOR,clust,vns,13,2.0,0.4429,,,,20.0,
TRIPADVISOR,clust,vns,14,2.0,0.4429,,,,20.0,
TRIPADVISOR,clust,vns,15,3.0,0.3365,,,,20.0,
TRIPADVISOR,clust,vns,16,2.0,0.2973,,,,20.0,
TRIPADVISOR,clust,vns,17,4.0,0.2261,,,,20.0,
TRIPADVISOR,clust,vns,18,2.0,0.443730727055763,,-0.50255,41.49,20.0,0.0
TRIPADVISOR,clust,vns,19,2.0,0.4535594261142648,,-0.504804,37.14,20.0,0.0
UNIFORM400,clust,brkga,0,3.0,0.348,,,,20.0,
UNIFORM400,clust,brkga,1,4.0,0.3497,,,,20.0,
UNIFORM400,clust,brkga,2,3.0,0.3666,,,,20.0,
UNIFORM400,clust,brkga,3,4.0,0.3331,,,,20.0,
UNIFORM400,clust,brkga,4,3.0,0.3658,,,,20.0,
UNIFORM400,clust,brkga,5,4.0,0.2677,,,,20.0,
UNIFORM400,clust,brkga,6,4.0,0.3289,,,,20.0,
UNIFORM400,clust,brkga,7,4.0,0.2972,,,,20.0,
UNIFORM400,clust,brkga,8,3.0,0.336,,,,20.0,
UNIFORM400,clust,brkga,9,2.0,0.3565,,,,20.0,
UNIFORM400,clust,brkga,10,6.0,0.2636,,,,20.0,
UNIFORM400,clust,brkga,11,3.0,0.3343,,,,20.0,
UNIFORM400,clust,brkga,12,2.0,0.322,,,,20.0,
UNIFORM400,clust,brkga,13,3.0,0.3416,,,,20.0,
UNIFORM400,clust,brkga,14,3.0,0.3754,,,,20.0,
UNIFORM400,clust,brkga,15,3.0,0.3641,,,,20.0,
UNIFORM400,clust,brkga,16,3.0,0.3741,,,,20.0,
UNIFORM400,clust,brkga,17,7.0,0.1997,,,,20.0,
UNIFORM400,clust,brkga,18,3.0,0.3646784966452128,,-0.364223,59.11,20.0,0.0
UNIFORM400,clust,brkga,19,4.0,0.2703096997011541,,-0.358999,29.21,20.0,0.0
UNIFORM400,clust,ils,0,4.0,0.307,,,,20.0,
UNIFORM400,clust,ils,1,5.0,0.2186,,,,20.0,
UNIFORM400,clust,ils,2,3.0,0.3124,,,,20.0,
UNIFORM400,clust,ils,3,4.0,0.2771,,,,20.0,
UNIFORM400,clust,ils,4,4.0,0.3165,,,,20.0,
UNIFORM400,clust,ils,5,5.0,0.3654,,,,20.0,
UNIFORM400,clust,ils,6,4.0,0.2859,,,,20.0,
UNIFORM400,clust,ils,7,4.0,0.379,,,,20.0,
UNIFORM400,clust,ils,8,5.0,0.3443,,,,20.0,
UNIFORM400,clust,ils,9,4.0,0.2827,,,,20.0,
UNIFORM400,clust,ils,10,5.0,0.3478,,,,20.0,
UNIFORM400,clust,ils,11,4.0,0.3739,,,,20.0,
UNIFORM400,clust,ils,12,4.0,0.2506,,,,20.0,
UNIFORM400,clust,ils,13,4.0,0.3532,,,,20.0,
UNIFORM400,clust,ils,14,3.0,0.3657,,,,20.0,
UNIFORM400,clust,ils,15,3.0,0.3664,,,,20.0,
UNIFORM400,clust,ils,16,6.0,0.2174,,,,20.0,
UNIFORM400,clust,ils,17,4.0,0.2889,,,,20.0,
UNIFORM400,clust,ils,18,3.0,0.3791,,,,20.0,
UNIFORM400,clust,ils,19,3.0,0.3741379899848364,,-0.374319,29.07,20.0,0.0
UNIFORM400,clust,vns,0,2.0,0.3724,,,,20.0,
UNIFORM400,clust,vns,1,3.0,0.3327,,,,20.0,
UNIFORM400,clust,vns,2,5.0,0.2767,,,,20.0,
UNIFORM400,clust,vns,3,5.0,0.2371,,,,20.0,
UNIFORM400,clust,vns,4,4.0,0.2561,,,,20.0,
UNIFORM400,clust,vns,5,5.0,0.2979,,,,20.0,
UNIFORM400,clust,vns,6,4.0,0.3505,,,,20.0,
UNIFORM400,clust,vns,7,3.0,0.3838,,,,20.0,
UNIFORM400,clust,vns,8,4.0,0.3587,,,,20.0,
UNIFORM400,clust,vns,9,4.0,0.3013,,,,20.0,
UNIFORM400,clust,vns,10,4.0,0.2698,,,,20.0,
UNIFORM400,clust,vns,11,5.0,0.3091,,,,20.0,
UNIFORM400,clust,vns,12,5.0,0.2296,,,,20.0,
UNIFORM400,clust,vns,13,5.0,0.308,,,,20.0,
UNIFORM400,clust,vns,14,4.0,0.2876,,,,20.0,
UNIFORM400,clust,vns,15,5.0,0.2896,,,,20.0,
UNIFORM400,clust,vns,16,3.0,0.3773,,,,20.0,
UNIFORM400,clust,vns,17,4.0,0.351,,,,20.0,
UNIFORM400,clust,vns,18,3.0,0.3106,,,,20.0,
UNIFORM400,clust,vns,19,3.0,0.3845452492960227,,-0.384478,35.56,20.0,0.0
UNIFORM700,clust,brkga,0,4.0,0.3164,,,,20.0,
UNIFORM700,clust,brkga,1,3.0,0.3049,,,,20.0,
UNIFORM700,clust,brkga,2,3.0,0.3446,,,,20.0,
UNIFORM700,clust,brkga,3,5.0,0.292,,,,20.0,
UNIFORM700,clust,brkga,4,5.0,0.3054,,,,20.0,
UNIFORM700,clust,brkga,5,3.0,0.3175,,,,20.0,
UNIFORM700,clust,brkga,6,3.0,0.3479,,,,20.0,
UNIFORM700,clust,brkga,7,4.0,0.3005,,,,20.0,
UNIFORM700,clust,brkga,8,2.0,0.3366,,,,20.0,
UNIFORM700,clust,brkga,9,3.0,0.2917,,,,20.0,
UNIFORM700,clust,brkga,10,4.0,0.3183,,,,20.0,
UNIFORM700,clust,brkga,11,6.0,0.2407,,,,20.0,
UNIFORM700,clust,brkga,12,4.0,0.3202,,,,20.0,
UNIFORM700,clust,brkga,13,8.0,0.2462,,,,20.0,
UNIFORM700,clust,brkga,14,3.0,0.2938,,,,20.0,
UNIFORM700,clust,brkga,15,4.0,0.3172,,,,20.0,
UNIFORM700,clust,brkga,16,5.0,0.2924,,,,20.0,
UNIFORM700,clust,brkga,17,5.0,0.2872,,,,20.0,
UNIFORM700,clust,brkga,18,3.0,0.2991,,,,20.0,
UNIFORM700,clust,brkga,19,2.0,0.3083104916324852,,-0.301329,53.56,20.0,0.0
UNIFORM700,clust,ils,0,5.0,0.3437,,,,20.0,
UNIFORM700,clust,ils,1,3.0,0.3729,,,,20.0,
UNIFORM700,clust,ils,2,6.0,0.2056,,,,20.0,
UNIFORM700,clust,ils,3,2.0,0.3423,,,,20.0,
UNIFORM700,clust,ils,4,2.0,0.3485,,,,20.0,
UNIFORM700,clust,ils,5,7.0,0.3108,,,,20.0,
UNIFORM700,clust,ils,6,5.0,0.3288,,,,20.0,
UNIFORM700,clust,ils,7,7.0,0.2958,,,,20.0,
UNIFORM700,clust,ils,8,5.0,0.3441,,,,20.0,
UNIFORM700,clust,ils,9,5.0,0.3048,,,,20.0,
UNIFORM700,clust,ils,10,2.0,0.3468,,,,20.0,
UNIFORM700,clust,ils,11,7.0,0.1905,,,,20.0,
UNIFORM700,clust,ils,12,2.0,0.3412,,,,20.0,
UNIFORM700,clust,ils,13,4.0,0.2874,,,,20.0,
UNIFORM700,clust,ils,14,5.0,0.2721,,,,20.0,
UNIFORM700,clust,ils,15,5.0,0.3624,,,,20.0,
UNIFORM700,clust,ils,16,6.0,0.3103,,,,20.0,
UNIFORM700,clust,ils,17,2.0,0.3439,,,,20.0,
UNIFORM700,clust,ils,18,5.0,0.274,,,,20.0,
UNIFORM700,clust,ils,19,5.0,0.3418989873931711,,-0.343014,58.87,20.0,0.0
UNIFORM700,clust,vns,0,5.0,0.3392,,,,20.0,
UNIFORM700,clust,vns,1,4.0,0.3235,,,,20.0,
UNIFORM700,clust,vns,2,7.0,0.3119,,,,20.0,
UNIFORM700,clust,vns,3,5.0,0.3034,,,,20.0,
UNIFORM700,clust,vns,4,5.0,0.3348,,,,20.0,
UNIFORM700,clust,vns,5,5.0,0.2574,,,,20.0,
UNIFORM700,clust,vns,6,4.0,0.3287,,,,20.0,
UNIFORM700,clust,vns,7,6.0,0.2658,,,,20.0,
UNIFORM700,clust,vns,8,2.0,0.3427,,,,20.0,
UNIFORM700,clust,vns,9,7.0,0.2424,,,,20.0,
UNIFORM700,clust,vns,10,3.0,0.3482,,,,20.0,
UNIFORM700,clust,vns,11,5.0,0.2031,,,,20.0,
UNIFORM700,clust,vns,12,5.0,0.3229,,,,20.0,
UNIFORM700,clust,vns,13,3.0,0.3532,,,,20.0,
UNIFORM700,clust,vns,14,3.0,0.3224,,,,20.0,
UNIFORM700,clust,vns,15,4.0,0.2513,,,,20.0,
UNIFORM700,clust,vns,16,5.0,0.3716,,,,20.0,
UNIFORM700,clust,vns,17,6.0,0.3056,,,,20.0,
UNIFORM700,clust,vns,18,4.0,0.2861,,,,20.0,
UNIFORM700,clust,vns,19,5.0,0.2471413190442321,,-0.370389,61.6,20.0,0.0
VOWEL2,clust,brkga,0,3.0,0.4088,,,,20.0,
VOWEL2,clust,brkga,1,4.0,0.3446,,,,20.0,
VOWEL2,clust,brkga,2,6.0,0.2606,,,,20.0,
VOWEL2,clust,brkga,3,4.0,0.3202,,,,20.0,
VOWEL2,clust,brkga,4,3.0,0.4106,,,,20.0,
VOWEL2,clust,brkga,5,2.0,0.3816,,,,20.0,
VOWEL2,clust,brkga,6,2.0,0.3922,,,,20.0,
VOWEL2,clust,brkga,7,4.0,0.3036,,,,20.0,
VOWEL2,clust,brkga,8,4.0,0.3597,,,,20.0,
VOWEL2,clust,brkga,9,5.0,0.2857,,,,20.0,
VOWEL2,clust,brkga,10,2.0,0.3816,,,,20.0,
VOWEL2,clust,brkga,11,2.0,0.3812,,,,20.0,
VOWEL2,clust,brkga,12,3.0,0.3927,,,,20.0,
VOWEL2,clust,brkga,13,2.0,0.3971,,,,20.0,
VOWEL2,clust,brkga,14,2.0,0.3765,,,,20.0,
VOWEL2,clust,brkga,15,3.0,0.3924,,,,20.0,
VOWEL2,clust,brkga,16,2.0,0.3759,,,,20.0,
VOWEL2,clust,brkga,17,3.0,0.4001,,,,20.0,
VOWEL2,clust,brkga,18,5.0,0.3036,,,,20.0,
VOWEL2,clust,brkga,19,2.0,0.3758258589188451,,-0.37597,41.54,20.0,0.0
VOWEL2,clust,ils,0,4.0,0.3639,,,,20.0,
VOWEL2,clust,ils,1,4.0,0.3355,,,,20.0,
VOWEL2,clust,ils,2,2.0,0.399,,,,20.0,
VOWEL2,clust,ils,3,2.0,0.3956,,,,20.0,
VOWEL2,clust,ils,4,2.0,0.4159,,,,20.0,
VOWEL2,clust,ils,5,5.0,0.328,,,,20.0,
VOWEL2,clust,ils,6,4.0,0.3696,,,,20.0,
VOWEL2,clust,ils,7,2.0,0.4092,,,,20.0,
VOWEL2,clust,ils,8,2.0,0.3795,,,,20.0,
VOWEL2,clust,ils,9,4.0,0.383,,,,20.0,
VOWEL2,clust,ils,10,2.0,0.4045,,,,20.0,
VOWEL2,clust,ils,11,4.0,0.3794,,,,20.0,
VOWEL2,clust,ils,12,4.0,0.3457,,,,20.0,
VOWEL2,clust,ils,13,2.0,0.4025,,,,20.0,
VOWEL2,clust,ils,14,4.0,0.3344,,,,20.0,
VOWEL2,clust,ils,15,13.0,0.3443,,,,20.0,
VOWEL2,clust,ils,16,3.0,0.4357059971640042,,-0.433136,61.62,20.0,0.0
VOWEL2,clust,ils,17,2.0,0.3976483159853959,,-0.402271,59.46,20.0,0.0
VOWEL2,clust,ils,18,2.0,0.4058499798999777,,-0.410818,53.83,20.0,0.0
VOWEL2,clust,ils,19,4.0,0.3426024147675734,,-0.415164,58.25,20.0,0.0
VOWEL2,clust,vns,0,2.0,0.3973,,,,20.0,
VOWEL2,clust,vns,1,3.0,0.4215,,,,20.0,
VOWEL2,clust,vns,2,2.0,0.3971,,,,20.0,
VOWEL2,clust,vns,3,8.0,0.2056,,,,20.0,
VOWEL2,clust,vns,4,6.0,0.2742,,,,20.0,
VOWEL2,clust,vns,5,3.0,0.4328,,,,20.0,
VOWEL2,clust,vns,6,5.0,0.2309,,,,20.0,
VOWEL2,clust,vns,7,3.0,0.4327,,,,20.0,
VOWEL2,clust,vns,8,7.0,0.2281,,,,20.0,
VOWEL2,clust,vns,9,5.0,0.3251,,,,20.0,
VOWEL2,clust,vns,10,4.0,0.3779,,,,20.0,
VOWEL2,clust,vns,11,5.0,0.345,,,,20.0,
VOWEL2,clust,vns,12,7.0,0.3498,,,,20.0,
VOWEL2,clust,vns,13,3.0,0.3982,,,,20.0,
VOWEL2,clust,vns,14,5.0,0.3274,,,,20.0,
VOWEL2,clust,vns,15,3.0,0.4244,,,,20.0,
VOWEL2,clust,vns,16,4.0,0.3663,,,,20.0,
VOWEL2,clust,vns,17,4.0,0.3837361042045034,,-0.385599,61.92,20.0,0.0
VOWEL2,clust,vns,18,7.0,0.3506791833839261,,-0.350993,61.69,20.0,0.0
VOWEL2,clust,vns,19,3.0,0.4271834061673593,,-0.423397,59.79,20.0,0.0
WAVEFORM21,clust,brkga,0,15.0,0.1866,,,,20.0,
WAVEFORM21,clust,brkga,1,17.0,0.1544,,,,20.0,
WAVEFORM21,clust,brkga,2,13.0,0.1768,,,,20.0,
WAVEFORM21,clust,brkga,3,21.0,0.145,,,,20.0,
WAVEFORM21,clust,brkga,4,7.0,0.2251,,,,20.0,
WAVEFORM21,clust,brkga,5,14.0,0.1728,,,,20.0,
WAVEFORM21,clust,brkga,6,17.0,0.1727,,,,20.0,
WAVEFORM21,clust,brkga,7,10.0,0.1685,,,,20.0,
WAVEFORM21,clust,brkga,8,9.0,0.2179,,,,20.0,
WAVEFORM21,clust,brkga,9,10.0,0.2348,,,,20.0,
WAVEFORM21,clust,brkga,10,14.0,0.2281,,,,20.0,
WAVEFORM21,clust,brkga,11,21.0,0.1696,,,,20.0,
WAVEFORM21,clust,brkga,12,14.0,0.2306595263862307,,-0.220374,22.85,20.0,0.0
WAVEFORM21,clust,brkga,13,8.0,0.3094963424399816,,-0.301357,30.34,20.0,0.0
WAVEFORM21,clust,brkga,14,17.0,0.1504058484141554,,-0.167862,14.88,20.0,0.0
WAVEFORM21,clust,brkga,15,13.0,0.2135363491096293,,-0.23333,53.36,20.0,0.0
WAVEFORM21,clust,brkga,16,5.0,0.3320121144860012,,-0.337092,65.15,20.0,0.0
WAVEFORM21,clust,brkga,17,3.0,0.2766352580804507,,-0.263788,63.66,20.0,0.0
WAVEFORM21,clust,brkga,18,11.0,0.256682956832036,,-0.258485,65.02,20.0,0.0
WAVEFORM21,clust,brkga,19,5.0,0.1903285735862957,,-0.181696,67.53,20.0,0.0
WAVEFORM21,clust,ils,0,13.0,0.1646,,,,20.0,
WAVEFORM21,clust,ils,1,10.0,0.2878,,,,20.0,
WAVEFORM21,clust,ils,2,8.0,0.3268,,,,20.0,
WAVEFORM21,clust,ils,3,16.0,0.2463,,,,20.0,
WAVEFORM21,clust,ils,4,7.0,0.2251,,,,20.0,
WAVEFORM21,clust,ils,5,12.0,0.2498,,,,20.0,
WAVEFORM21,clust,ils,6,22.0,0.1291,,,,20.0,
WAVEFORM21,clust,ils,7,10.0,0.1685,,,,20.0,
WAVEFORM21,clust,ils,8,8.0,0.3213,,,,20.0,
WAVEFORM21,clust,ils,9,18.0,0.0926,,,,20.0,
WAVEFORM21,clust,ils,10,14.0,0.2281,,,,20.0,
WAVEFORM21,clust,ils,11,22.0,0.1148,,,,20.0,
WAVEFORM21,clust,ils,12,11.0,0.2206468526549477,,-0.217671,8.09,20.0,0.0
WAVEFORM21,clust,ils,13,13.0,0.1862134236735504,,-0.1955,60.52,20.0,0.0
WAVEFORM21,clust,ils,14,7.0,0.2464397136038695,,-0.256174,38.68,20.0,0.0
WAVEFORM21,clust,ils,15,10.0,0.2478689622703961,,-0.261217,59.67,20.0,0.0
WAVEFORM21,clust,ils,16,10.0,0.240389091450977,,-0.209411,71.19,20.0,0.0
WAVEFORM21,clust,ils,17,14.0,0.1826257560089231,,-0.175215,65.92,20.0,0.0
WAVEFORM21,clust,ils,18,16.0,0.158144722101277,,-0.178839,62.06,20.0,0.0
WAVEFORM21,clust,ils,19,26.0,0.2214114713947962,,-0.222777,71.04,20.0,0.0
WAVEFORM21,clust,vns,0,18.0,0.0901,,,,20.0,
WAVEFORM21,clust,vns,1,23.0,0.2172,,,,20.0,
WAVEFORM21,clust,vns,2,25.0,0.1967,,,,20.0,
WAVEFORM21,clust,vns,3,12.0,0.2319,,,,20.0,
WAVEFORM21,clust,vns,4,7.0,0.2251,,,,20.0,
WAVEFORM21,clust,vns,5,13.0,0.154,,,,20.0,
WAVEFORM21,clust,vns,6,18.0,0.1466,,,,20.0,
WAVEFORM21,clust,vns,7,9.0,0.3058,,,,20.0,
WAVEFORM21,clust,vns,8,8.0,0.2662,,,,20.0,
WAVEFORM21,clust,vns,9,18.0,0.0926,,,,20.0,
WAVEFORM21,clust,vns,10,6.0,0.3377,,,,20.0,
WAVEFORM21,clust,vns,11,22.0,0.1148,,,,20.0,
WAVEFORM21,clust,vns,12,11.0,0.2206468526549477,,-0.217671,7.59,20.0,0.0
WAVEFORM21,clust,vns,13,17.0,0.1420089258572,,-0.161472,4.59,20.0,0.0
WAVEFORM21,clust,vns,14,14.0,0.2417488383257038,,-0.249631,56.86,20.0,0.0
WAVEFORM21,clust,vns,15,11.0,0.2605075253393341,,-0.257628,61.7,20.0,0.0
WAVEFORM21,clust,vns,16,16.0,0.2619707111434802,,-0.263113,70.92,20.0,0.0
WAVEFORM21,clust,vns,17,19.0,0.248135029722524,,-0.254153,70.16,20.0,0.0
WAVEFORM21,clust,vns,18,7.0,0.3181302246236006,,-0.312483,70.99,20.0,0.0
WAVEFORM21,clust,vns,19,10.0,0.2421612664344201,,-0.24202,66.74,20.0,0.0
WDBC,classf,brkga,0,2.0,0.501032054489254,0.0431458834109028,-0.513469,35.37,20.0,0.0
WDBC,classf,brkga,1,2.0,0.5409124817649631,0.0001520127307677,-0.589549,61.61,20.0,0.0
WDBC,classf,brkga,2,2.0,0.5937771025269608,0.0199178728960435,-0.56695,53.7,20.0,0.0
WDBC,classf,brkga,3,2.0,0.5426076178523159,0.0001903353884801,-0.589879,13.57,20.0,0.0
WDBC,classf,brkga,4,2.0,0.5311354748704807,8.168044321629742e-06,-0.585644,62.93,20.0,0.0
WDBC,classf,brkga,5,2.0,0.5463410648011453,0.000269931965214,-0.590462,26.81,20.0,0.0
WDBC,classf,brkga,6,2.0,0.605409575492098,0.0175772215419576,-0.581063,62.98,20.0,0.0
WDBC,classf,brkga,7,2.0,0.544578731250362,0.0014758519467547,-0.596297,33.87,20.0,0.0
WDBC,classf,brkga,8,2.0,0.5577697380580231,0.0017786390228228,-0.599865,54.23,20.0,0.0
WDBC,classf,brkga,9,2.0,0.5592884784763835,0.0018327112601708,-0.600849,24.87,20.0,0.0
WDBC,classf,brkga,10,2.0,0.5526807007839221,0.013179558010121,-0.574496,62.75,20.0,0.0
WDBC,classf,brkga,11,2.0,0.5510823795734682,0.0013338466491791,-0.609137,28.5,20.0,0.0
WDBC,classf,brkga,12,2.0,0.571260400911456,0.0177227474317379,-0.539745,58.85,20.0,0.0
WDBC,classf,brkga,13,2.0,0.5185787541771355,-0.0027721907680613,-0.577266,52.23,20.0,0.0
WDBC,classf,brkga,14,2.0,0.5425768187345655,-8.023335038713676e-05,-0.602712,18.09,20.0,0.0
WDBC,classf,brkga,15,2.0,0.5454631154058993,0.0015238257608158,-0.597939,60.41,20.0,0.0
WDBC,classf,brkga,16,2.0,0.5311354748704807,8.168044321629742e-06,-0.585644,59.19,20.0,0.0
WDBC,classf,brkga,17,2.0,0.5185246371784552,-0.0027721907680613,-0.580481,28.94,20.0,0.0
WDBC,classf,brkga,18,2.0,0.5313594645419891,0.0098867013651442,-0.563341,30.33,20.0,0.0
WDBC,classf,brkga,19,2.0,0.5409124817649631,0.0001520127307677,-0.589549,33.54,20.0,0.0
WDBC,classf,ils,0,2.0,0.5642007571198326,0.000599897131844,-0.619474,59.39,20.0,0.0
WDBC,classf,ils,1,2.0,0.5541418611775549,0.0357255953496897,-0.553765,59.67,20.0,0.0
WDBC,classf,ils,2,3.0,0.4052040685107465,0.1272542793908488,-0.494026,55.19,20.0,0.0
WDBC,classf,ils,3,2.0,0.5899973285242223,0.0020757087331139,-0.637941,62.17,20.0,0.0
WDBC,classf,ils,4,2.0,0.5774185407146648,0.0020398083166256,-0.625888,35.04,20.0,0.0
WDBC,classf,ils,5,2.0,0.5810583283123246,0.0017845685881706,-0.635128,40.73,20.0,0.0
WDBC,classf,ils,6,2.0,0.5473958977134014,0.0805302695987788,-0.52853,60.99,20.0,0.0
WDBC,classf,ils,7,2.0,0.5723927243335115,0.0017552591497656,-0.619514,18.84,20.0,0.0
WDBC,classf,ils,8,2.0,0.5953156161832796,0.0023975168008624,-0.644544,54.25,20.0,0.0
WDBC,classf,ils,9,2.0,0.5799747553525944,0.0019806032761748,-0.623863,26.12,20.0,0.0
WDBC,classf,ils,10,2.0,0.5862864759354459,0.0031679936811673,-0.614497,54.57,20.0,0.0
WDBC,classf,ils,11,2.0,0.5877870888777634,0.0021375294216487,-0.642866,49.65,20.0,0.0
WDBC,classf,ils,12,2.0,0.6305323537385917,0.0156358340127452,-0.607486,39.89,20.0,0.0
WDBC,classf,ils,13,2.0,0.5510331461764492,0.0527791602770981,-0.538983,32.49,20.0,0.0
WDBC,classf,ils,14,2.0,0.5826532202111875,0.0028582193105094,-0.609672,30.23,20.0,0.0
WDBC,classf,ils,15,2.0,0.5744068755817505,0.0019806032761748,-0.628839,61.13,20.0,0.0
WDBC,classf,ils,16,2.0,0.4844792777263867,-0.0044769724873443,-0.547261,0.89,20.0,0.0
WDBC,classf,ils,17,2.0,0.5938827811887045,0.0024279061672515,-0.642306,45.87,20.0,0.0
WDBC,classf,ils,18,2.0,0.5693477405503012,0.0015722995469264,-0.625187,44.11,20.0,0.0
WDBC,classf,ils,19,2.0,0.579605489163047,0.0018951692378986,-0.626075,31.24,20.0,0.0
WDBC,classf,vns,0,2.0,0.57582475642739,0.0019251813904172,-0.632248,41.47,20.0,0.0
WDBC,classf,vns,1,2.0,0.6065061332447551,0.0183623124071223,-0.617357,52.87,20.0,0.0
WDBC,classf,vns,2,2.0,0.5723927243335115,0.0017552591497656,-0.619514,56.5,20.0,0.0
WDBC,classf,vns,3,2.0,0.57753167158238,0.001922565874504,-0.620615,35.05,20.0,0.0
WDBC,classf,vns,4,2.0,0.574208771189933,0.0020117519918919,-0.627242,57.69,20.0,0.0
WDBC,classf,vns,5,2.0,0.5810962514570722,0.0020151138464211,-0.637044,41.91,20.0,0.0
WDBC,classf,vns,6,2.0,0.5960397636473426,0.0140106029585975,-0.609557,56.44,20.0,0.0
WDBC,classf,vns,7,2.0,0.5932023710915121,0.0165753332542353,-0.608242,56.24,20.0,0.0
WDBC,classf,vns,8,2.0,0.625929002567268,0.014458845997307,-0.603391,35.46,20.0,0.0
WDBC,classf,vns,9,2.0,0.5586389262780097,0.0347652828164094,-0.555864,35.21,20.0,0.0
WDBC,classf,vns,10,2.0,0.5754053403485008,0.0019806032761748,-0.62525,61.75,20.0,0.0
WDBC,classf,vns,11,2.0,0.5523277639053983,0.0016227115106233,-0.598822,22.66,20.0,0.0
WDBC,classf,vns,12,2.0,0.5905099091614323,0.0155728269352951,-0.610013,40.22,20.0,0.0
WDBC,classf,vns,13,3.0,0.5333430339781846,0.020147493006533,-0.606578,60.59,20.0,0.0
WDBC,classf,vns,14,3.0,0.5002315683304639,0.5296243159963705,-0.464198,35.92,20.0,0.0
WDBC,classf,vns,15,2.0,0.5895991936143329,0.0024207473000906,-0.625661,62.81,20.0,0.0
WDBC,classf,vns,16,2.0,0.5597987491732165,0.0004093124883607,-0.617482,57.41,20.0,0.0
WDBC,classf,vns,17,2.0,0.5666773250099403,0.0004093124883607,-0.618939,57.05,20.0,0.0
WDBC,classf,vns,18,2.0,0.6469812887369252,0.0175324487519166,-0.623342,35.28,20.0,0.0
WDBC,classf,vns,19,2.0,0.5656634963190388,0.0015473485773693,-0.620061,29.71,20.0,0.0
WINE,classf,brkga,0,2.0,0.5327553354883761,0.0009971653750936,-0.614274,31.82,20.0,0.0
WINE,classf,brkga,1,2.0,0.5528950871470227,0.0006531711060132,-0.620984,54.25,20.0,0.0
WINE,classf,brkga,2,2.0,0.5390495018890746,-5.128231688073779e-05,-0.606854,54.64,20.0,0.0
WINE,classf,brkga,3,3.0,0.6003590930804545,0.0062107285531038,-0.614252,60.23,20.0,0.0
WINE,classf,brkga,4,2.0,0.5311699340627805,0.0004269148978854,-0.617963,21.35,20.0,0.0
WINE,classf,brkga,5,3.0,0.6028796968277628,0.0072984497559948,-0.613369,58.2,20.0,0.0
WINE,classf,brkga,6,2.0,0.4133529953647725,0.0063678633964539,-0.608399,51.88,20.0,0.0
WINE,classf,brkga,7,4.0,0.4982216113985332,0.0063152526500872,-0.609737,49.21,20.0,0.0
WINE,classf,brkga,8,2.0,0.4285564061718389,0.0070308460307027,-0.60562,60.2,20.0,0.0
WINE,classf,brkga,9,2.0,0.5440308100187289,-0.0001989164852021,-0.616176,57.41,20.0,0.0
WINE,classf,brkga,10,3.0,0.6020966757677527,0.0060297893667476,-0.614174,32.83,20.0,0.0
WINE,classf,brkga,11,2.0,0.4313499106482013,0.0074224835975181,-0.611801,8.3,20.0,0.0
WINE,classf,brkga,12,3.0,0.3889894603447121,0.0057936722716944,-0.626967,44.05,20.0,0.0
WINE,classf,brkga,13,3.0,0.6089593396900518,0.0077267511776176,-0.618617,20.87,20.0,0.0
WINE,classf,brkga,14,4.0,0.5244555270510937,0.005170707243816,-0.612445,13.29,20.0,0.0
WINE,classf,brkga,15,3.0,0.5977640805707789,0.0062748070849091,-0.607067,23.22,20.0,0.0
WINE,classf,brkga,16,3.0,0.5980287610916764,0.0070987053096231,-0.61259,58.59,20.0,0.0
WINE,classf,brkga,17,4.0,0.5158886691850448,0.0050517879392247,-0.603775,22.26,20.0,0.0
WINE,classf,brkga,18,3.0,0.5855141013754993,0.0074178024466485,-0.607656,57.61,20.0,0.0
WINE,classf,brkga,19,3.0,0.6035353498199679,0.0080303606213939,-0.614575,22.82,20.0,0.0
WINE,classf,ils,0,4.0,0.5291796820827541,0.0063836056527256,-0.614212,63.52,20.0,0.0
WINE,classf,ils,1,4.0,0.513152008651201,0.0061618524494614,-0.601294,11.64,20.0,0.0
WINE,classf,ils,2,4.0,0.4481450468070139,0.0067343879661005,-0.613504,58.85,20.0,0.0
WINE,classf,ils,3,3.0,0.1382271032550522,0.0012888859458964,-0.624751,18.74,20.0,0.0
WINE,classf,ils,4,2.0,0.5347038055493345,0.0007618877825199,-0.634646,39.52,20.0,0.0
WINE,classf,ils,5,3.0,0.6125868914824751,0.0065886830502201,-0.633916,58.85,20.0,0.0
WINE,classf,ils,6,3.0,0.6120122915057533,0.007720511170272,-0.616133,17.19,20.0,0.0
WINE,classf,ils,7,3.0,0.5996028600001773,0.0075787911927199,-0.618616,46.65,20.0,0.0
WINE,classf,ils,8,3.0,0.1295988422769546,0.0004771215140203,-0.631147,57.66,20.0,0.0
WINE,classf,ils,9,3.0,0.6012040064380241,0.0059238650279512,-0.614021,40.21,20.0,0.0
WINE,classf,ils,10,3.0,0.6079490989653893,0.0060513447511857,-0.62051,35.57,20.0,0.0
WINE,classf,ils,11,3.0,0.6046362480316203,0.0075017872090418,-0.613745,53.25,20.0,0.0
WINE,classf,ils,12,1.0,,0.0,-0.610526,40.8,20.0,0.0
WINE,classf,ils,13,3.0,0.5891965194822301,0.0065334708549998,-0.588906,51.05,20.0,0.0
WINE,classf,ils,14,3.0,0.5876969246295454,0.00694749463161,-0.608318,58.8,20.0,0.0
WINE,classf,ils,15,3.0,0.6328220426957567,0.0065686419269032,-0.647855,58.58,20.0,0.0
WINE,classf,ils,16,3.0,0.612151233043487,0.0069451640014276,-0.616389,59.97,20.0,0.0
WINE,classf,ils,17,2.0,0.4103882798737773,0.0067319067398167,-0.613172,21.35,20.0,0.0
WINE,classf,ils,18,2.0,0.4178626681216998,0.0066066027579843,-0.620863,53.24,20.0,0.0
WINE,classf,ils,19,2.0,0.4027546009303904,0.0066733661608917,-0.604717,58.2,20.0,0.0
WINE,classf,vns,0,3.0,0.6003366220166827,0.0078193471353159,-0.620256,37.31,20.0,0.0
WINE,classf,vns,1,2.0,0.4167146742766254,0.0066445495992845,-0.614097,32.77,20.0,0.0
WINE,classf,vns,2,4.0,0.5256174942202859,0.0078718804492244,-0.634474,22.03,20.0,0.0
WINE,classf,vns,3,2.0,0.454118995767641,0.0078892433967967,-0.634429,18.94,20.0,0.0
WINE,classf,vns,4,3.0,0.6499512352546314,0.0068610695553081,-0.660967,41.07,20.0,0.0
WINE,classf,vns,5,3.0,0.6057608295912471,0.0065734221546394,-0.61759,57.05,20.0,0.0
WINE,classf,vns,6,3.0,0.6168894089389304,0.007445099231226,-0.623924,49.6,20.0,0.0
WINE,classf,vns,7,3.0,0.6415785105369405,0.0072494729714814,-0.652625,50.14,20.0,0.0
WINE,classf,vns,8,3.0,0.6093240880231768,0.0059347085675778,-0.623322,15.45,20.0,0.0
WINE,classf,vns,9,5.0,0.4103234583826233,0.0067113375299811,-0.612476,53.64,20.0,0.0
WINE,classf,vns,10,3.0,0.5948724909096843,0.0076637816032817,-0.607307,38.13,20.0,0.0
WINE,classf,vns,11,3.0,0.6190766708812574,0.0055006011333971,-0.634437,30.83,20.0,0.0
WINE,classf,vns,12,3.0,0.584979219240842,0.0055336830449517,-0.586828,61.96,20.0,0.0
WINE,classf,vns,13,1.0,,0.0,-0.642678,48.5,20.0,0.0
WINE,classf,vns,14,2.0,0.4119796629561821,0.0070265025545039,-0.584129,61.71,20.0,0.0
WINE,classf,vns,15,2.0,0.5381205688765076,0.0001465986143682,-0.63759,42.92,20.0,0.0
WINE,classf,vns,16,3.0,0.6083818721819302,0.0059294949582687,-0.622177,25.66,20.0,0.0
WINE,classf,vns,17,4.0,0.5142972501793096,0.0072563185844269,-0.601967,45.74,20.0,0.0
WINE,classf,vns,18,3.0,0.6016581554763869,0.0077713845846305,-0.620896,49.26,20.0,0.0
WINE,classf,vns,19,4.0,0.4728769895433583,0.0065886753575574,-0.612968,55.42,20.0,0.0
YEAST,classf,brkga,0,2.0,0.6359714046894798,-0.0010980254731651,-0.663366,58.47,20.0,0.0
YEAST,classf,brkga,1,2.0,0.5009651223663595,-0.0008963216349245,-0.566876,52.58,20.0,0.0
YEAST,classf,brkga,2,2.0,0.5247534240002141,0.0243297889292111,-0.456248,35.43,20.0,0.0
YEAST,classf,brkga,3,2.0,0.5248486179807841,0.0228604929432324,-0.458355,27.22,20.0,0.0
YEAST,classf,brkga,4,2.0,0.5037285584851825,-0.0008823643357362,-0.567294,29.92,20.0,0.0
YEAST,classf,brkga,5,2.0,0.4496865875359805,-0.0020245396145606,-0.518164,41.74,20.0,0.0
YEAST,classf,brkga,6,2.0,0.5087428560605175,-0.0006753565620321,-0.574508,35.15,20.0,0.0
YEAST,classf,brkga,7,2.0,0.5057492538803849,-0.0001340560560459,-0.570079,31.98,20.0,0.0
YEAST,classf,brkga,8,2.0,0.6752397058720516,-0.0007051148139649,-0.723272,47.94,20.0,0.0
YEAST,classf,brkga,9,2.0,0.5219244120156433,0.0043614736433557,-0.469081,57.2,20.0,0.0
YEAST,classf,brkga,10,2.0,0.4162048796901203,-0.0007180804348255,-0.488824,5.69,20.0,0.0
YEAST,classf,brkga,11,2.0,0.4798423746067637,-0.0002760008041243,-0.534475,35.52,20.0,0.0
YEAST,classf,brkga,12,2.0,0.4740011810530467,-0.0005832462994951,-0.538586,25.69,20.0,0.0
YEAST,classf,brkga,13,2.0,0.465257331527506,-0.000573796889393,-0.525964,35.91,20.0,0.0
YEAST,classf,brkga,14,2.0,0.4699263257081474,-0.0020924228605393,-0.462162,63.15,20.0,0.0
YEAST,classf,brkga,15,2.0,0.5206016574532021,0.0078940880358708,-0.457843,24.87,20.0,0.0
YEAST,classf,brkga,16,2.0,0.4726580566880226,-0.0005930548908219,-0.537175,40.61,20.0,0.0
YEAST,classf,brkga,17,2.0,0.4711257831055786,-0.0021029503754927,-0.463467,56.09,20.0,0.0
YEAST,classf,brkga,18,2.0,0.482408618009315,-0.0010444125396836,-0.547771,59.95,20.0,0.0
YEAST,classf,brkga,19,2.0,0.4861484394538161,-0.0018879251570441,-0.481582,56.24,20.0,0.0
YEAST,classf,ils,0,2.0,0.4974,0.1046,,,20.0,
YEAST,classf,ils,1,3.0,0.345,0.0487,,,20.0,
YEAST,classf,ils,2,2.0,0.6237,-0.001,,,20.0,
YEAST,classf,ils,3,2.0,0.6022,-0.0016,,,20.0,
YEAST,classf,ils,4,2.0,0.5225,0.0336,,,20.0,
YEAST,classf,ils,5,2.0,0.6197,-0.0013,,,20.0,
YEAST,classf,ils,6,2.0,0.5204,-0.0014,,,20.0,
YEAST,classf,ils,7,2.0,0.5529,0.0071,,,20.0,
YEAST,classf,ils,8,3.0,0.3562,0.11,,,20.0,
YEAST,classf,ils,9,2.0,0.6358,-0.0011,,,20.0,
YEAST,classf,ils,10,2.0,0.6648,-0.0009,,,20.0,
YEAST,classf,ils,11,2.0,0.5186,0.0474,,,20.0,
YEAST,classf,ils,12,2.0,0.6358,-0.0011,,,20.0,
YEAST,classf,ils,13,2.0,0.6283,-0.0011,,,20.0,
YEAST,classf,ils,14,2.0,0.6134,0.0069,,,20.0,
YEAST,classf,ils,15,2.0,0.6804,-0.0007,,,20.0,
YEAST,classf,ils,16,4.0,0.2395,0.1296,,,20.0,
YEAST,classf,ils,17,2.0,0.5173,0.0683,,,20.0,
YEAST,classf,ils,18,2.0,0.5078,0.0609,,,20.0,
YEAST,classf,ils,19,3.0,0.4780072046716617,0.0615140559547153,-0.457713,41.21,20.0,0.0
YEAST,classf,vns,0,6.0,0.2338354792745814,0.1251050092469883,-0.365191,13.37,20.0,0.0
YEAST,classf,vns,1,2.0,0.662279497477922,-0.0009291029409585,-0.709065,25.31,20.0,0.0
YEAST,classf,vns,2,3.0,0.3090412420652719,0.1328600124028168,-0.36927,63.38,20.0,0.0
YEAST,classf,vns,3,3.0,0.3744760336956809,0.0947568590191414,-0.417673,54.47,20.0,0.0
YEAST,classf,vns,4,2.0,0.6634214762129723,-0.0009285766960657,-0.711191,38.88,20.0,0.0
YEAST,classf,vns,5,2.0,0.5850056310234397,0.0123233610537025,-0.574476,43.78,20.0,0.0
YEAST,classf,vns,6,2.0,0.5131516108822975,-0.0006684179000649,-0.57743,62.56,20.0,0.0
YEAST,classf,vns,7,2.0,0.5439982867360805,0.0168847189537528,-0.477089,27.99,20.0,0.0
YEAST,classf,vns,8,2.0,0.6640604869842341,-0.0009417768219725,-0.713781,52.33,20.0,0.0
YEAST,classf,vns,9,3.0,0.4450772425397212,0.0661777419944638,-0.412178,61.96,20.0,0.0
YEAST,classf,vns,10,3.0,0.4212158105379163,0.0056211107344099,-0.548488,39.26,20.0,0.0
YEAST,classf,vns,11,2.0,0.624797513055795,-0.0010401354096365,-0.681271,60.81,20.0,0.0
YEAST,classf,vns,12,2.0,0.6186208327876316,-0.0013094550672983,-0.642493,58.99,20.0,0.0
YEAST,classf,vns,13,4.0,0.3587665381591801,0.0882955940793329,-0.404821,51.38,20.0,0.0
YEAST,classf,vns,14,2.0,0.5312676163360683,0.0079045850495999,-0.492357,40.36,20.0,0.0
YEAST,classf,vns,15,2.0,0.662279497477922,-0.0009291029409585,-0.709065,31.71,20.0,0.0
YEAST,classf,vns,16,2.0,0.6259140600401844,-0.0010429356255905,-0.682738,55.5,20.0,0.0
YEAST,classf,vns,17,3.0,0.3223556342166239,0.1129809555418912,-0.360086,56.44,20.0,0.0
YEAST,classf,vns,18,2.0,0.6799662544907547,-0.0007169050525143,-0.732265,62.57,20.0,0.0
YEAST,classf,vns,19,3.0,0.3441209573742914,0.0999303538715671,-0.371772,62.93,20.0,0.0
